video_path,video_id,label,class_name,source,split
/kaggle/input/datasets/sanikatiwarekar/deep-fake-detection-dfd-entire-original-dataset/DFD_original sequences/28__kitchen_pan.mp4,28__kitchen_pan,0,Real,DFD,train
/kaggle/input/datasets/sanikatiwarekar/deep-fake-detection-dfd-entire-original-dataset/DFD_manipulated_sequences/DFD_manipulated_sequences/26_11__outside_talking_pan_laughing__ALJ0OHNM.mp4,26_11__outside_talking_pan_laughing__ALJ0OHNM,1,Fake,DFD,train
/kaggle/input/datasets/sanikatiwarekar/deep-fake-detection-dfd-entire-original-dataset/DFD_manipulated_sequences/DFD_manipulated_sequences/21_03__talking_against_wall__YCSEBZO4.mp4,21_03__talking_against_wall__YCSEBZO4,1,Fake,DFD,train
/kaggle/input/datasets/sanikatiwarekar/deep-fake-detection-dfd-entire-original-dataset/DFD_manipulated_sequences/DFD_manipulated_sequences/01_04__podium_speech_happy__6I623VU9.mp4,01_04__podium_speech_happy__6I623VU9,1,Fake,DFD,train
/kaggle/input/datasets/sanikatiwarekar/deep-fake-detection-dfd-entire-original-dataset/DFD_original sequences/15__walking_outside_cafe_disgusted.mp4,15__walking_outside_cafe_disgusted,0,Real,DFD,train
/kaggle/input/datasets/sanikatiwarekar/deep-fake-detection-dfd-entire-original-dataset/DFD_original sequences/02__hugging_happy.mp4,02__hugging_happy,0,Real,DFD,train
/kaggle/input/datasets/sanikatiwarekar/deep-fake-detection-dfd-entire-original-dataset/DFD_manipulated_sequences/DFD_manipulated_sequences/27_02__kitchen_pan__B3XHKO27.mp4,27_02__kitchen_pan__B3XHKO27,1,Fake,DFD,train
/kaggle/input/datasets/sanikatiwarekar/deep-fake-detection-dfd-entire-original-dataset/DFD_manipulated_sequences/DFD_manipulated_sequences/09_13__walk_down_hall_angry__BVZGDFD8.mp4,09_13__walk_down_hall_angry__BVZGDFD8,1,Fake,DFD,train
/kaggle/input/datasets/sanikatiwarekar/deep-fake-detection-dfd-entire-original-dataset/DFD_manipulated_sequences/DFD_manipulated_sequences/18_21__outside_talking_pan_laughing__PQFTWVRQ.mp4,18_21__outside_talking_pan_laughing__PQFTWVRQ,1,Fake,DFD,train
/kaggle/input/datasets/sanikatiwarekar/deep-fake-detection-dfd-entire-original-dataset/DFD_original sequences/10__podium_speech_happy.mp4,10__podium_speech_happy,0,Real,DFD,train
/kaggle/input/datasets/sanikatiwarekar/deep-fake-detection-dfd-entire-original-dataset/DFD_manipulated_sequences/DFD_manipulated_sequences/11_02__secret_conversation__NZJ1YEWE.mp4,11_02__secret_conversation__NZJ1YEWE,1,Fake,DFD,train
/kaggle/input/datasets/sanikatiwarekar/deep-fake-detection-dfd-entire-original-dataset/DFD_original sequences/06__podium_speech_happy.mp4,06__podium_speech_happy,0,Real,DFD,train
/kaggle/input/datasets/sanikatiwarekar/deep-fake-detection-dfd-entire-original-dataset/DFD_original sequences/08__outside_talking_pan_laughing.mp4,08__outside_talking_pan_laughing,0,Real,DFD,train
/kaggle/input/datasets/sanikatiwarekar/deep-fake-detection-dfd-entire-original-dataset/DFD_manipulated_sequences/DFD_manipulated_sequences/14_21__podium_speech_happy__N0WM4GSV.mp4,14_21__podium_speech_happy__N0WM4GSV,1,Fake,DFD,train
/kaggle/input/datasets/sanikatiwarekar/deep-fake-detection-dfd-entire-original-dataset/DFD_manipulated_sequences/DFD_manipulated_sequences/02_27__walking_outside_cafe_disgusted__78M8S6M6.mp4,02_27__walking_outside_cafe_disgusted__78M8S6M6,1,Fake,DFD,train
/kaggle/input/datasets/sanikatiwarekar/deep-fake-detection-dfd-entire-original-dataset/DFD_manipulated_sequences/DFD_manipulated_sequences/13_02__secret_conversation__PLNVLO74.mp4,13_02__secret_conversation__PLNVLO74,1,Fake,DFD,train
/kaggle/input/datasets/sanikatiwarekar/deep-fake-detection-dfd-entire-original-dataset/DFD_manipulated_sequences/DFD_manipulated_sequences/03_15__kitchen_pan__AIOM1U5V.mp4,03_15__kitchen_pan__AIOM1U5V,1,Fake,DFD,train
/kaggle/input/datasets/sanikatiwarekar/deep-fake-detection-dfd-entire-original-dataset/DFD_original sequences/18__outside_talking_still_laughing.mp4,18__outside_talking_still_laughing,0,Real,DFD,train
/kaggle/input/datasets/sanikatiwarekar/deep-fake-detection-dfd-entire-original-dataset/DFD_manipulated_sequences/DFD_manipulated_sequences/19_24__kitchen_still__GNHYZ84G.mp4,19_24__kitchen_still__GNHYZ84G,1,Fake,DFD,train
/kaggle/input/datasets/sanikatiwarekar/deep-fake-detection-dfd-entire-original-dataset/DFD_original sequences/12__podium_speech_happy.mp4,12__podium_speech_happy,0,Real,DFD,train
/kaggle/input/datasets/sanikatiwarekar/deep-fake-detection-dfd-entire-original-dataset/DFD_manipulated_sequences/DFD_manipulated_sequences/10_22__walking_outside_cafe_disgusted__C1U7OY5M.mp4,10_22__walking_outside_cafe_disgusted__C1U7OY5M,1,Fake,DFD,train
/kaggle/input/datasets/sanikatiwarekar/deep-fake-detection-dfd-entire-original-dataset/DFD_original sequences/08__talking_against_wall.mp4,08__talking_against_wall,0,Real,DFD,train
/kaggle/input/datasets/sanikatiwarekar/deep-fake-detection-dfd-entire-original-dataset/DFD_manipulated_sequences/DFD_manipulated_sequences/01_26__outside_talking_pan_laughing__ZMEJ535O.mp4,01_26__outside_talking_pan_laughing__ZMEJ535O,1,Fake,DFD,train
/kaggle/input/datasets/sanikatiwarekar/deep-fake-detection-dfd-entire-original-dataset/DFD_manipulated_sequences/DFD_manipulated_sequences/03_02__secret_conversation__GYX5OFTD.mp4,03_02__secret_conversation__GYX5OFTD,1,Fake,DFD,train
/kaggle/input/datasets/sanikatiwarekar/deep-fake-detection-dfd-entire-original-dataset/DFD_original sequences/03__outside_talking_still_laughing.mp4,03__outside_talking_still_laughing,0,Real,DFD,train
/kaggle/input/datasets/sanikatiwarekar/deep-fake-detection-dfd-entire-original-dataset/DFD_manipulated_sequences/DFD_manipulated_sequences/06_20__outside_talking_pan_laughing__6SUW7063.mp4,06_20__outside_talking_pan_laughing__6SUW7063,1,Fake,DFD,train
/kaggle/input/datasets/sanikatiwarekar/deep-fake-detection-dfd-entire-original-dataset/DFD_manipulated_sequences/DFD_manipulated_sequences/24_19__walk_down_hall_angry__OF8LF68K.mp4,24_19__walk_down_hall_angry__OF8LF68K,1,Fake,DFD,train
/kaggle/input/datasets/sanikatiwarekar/deep-fake-detection-dfd-entire-original-dataset/DFD_original sequences/19__kitchen_still.mp4,19__kitchen_still,0,Real,DFD,train
/kaggle/input/datasets/sanikatiwarekar/deep-fake-detection-dfd-entire-original-dataset/DFD_original sequences/18__walk_down_hall_angry.mp4,18__walk_down_hall_angry,0,Real,DFD,train
/kaggle/input/datasets/sanikatiwarekar/deep-fake-detection-dfd-entire-original-dataset/DFD_manipulated_sequences/DFD_manipulated_sequences/28_05__exit_phone_room__VR9127O1.mp4,28_05__exit_phone_room__VR9127O1,1,Fake,DFD,train
/kaggle/input/datasets/sanikatiwarekar/deep-fake-detection-dfd-entire-original-dataset/DFD_original sequences/03__kitchen_still.mp4,03__kitchen_still,0,Real,DFD,train
/kaggle/input/datasets/sanikatiwarekar/deep-fake-detection-dfd-entire-original-dataset/DFD_manipulated_sequences/DFD_manipulated_sequences/18_14__secret_conversation__A5A1Q467.mp4,18_14__secret_conversation__A5A1Q467,1,Fake,DFD,train
/kaggle/input/datasets/sanikatiwarekar/deep-fake-detection-dfd-entire-original-dataset/DFD_manipulated_sequences/DFD_manipulated_sequences/09_03__talking_against_wall__8DTEGQ54.mp4,09_03__talking_against_wall__8DTEGQ54,1,Fake,DFD,train
/kaggle/input/datasets/sanikatiwarekar/deep-fake-detection-dfd-entire-original-dataset/DFD_original sequences/09__walking_down_street_outside_angry.mp4,09__walking_down_street_outside_angry,0,Real,DFD,train
/kaggle/input/datasets/sanikatiwarekar/deep-fake-detection-dfd-entire-original-dataset/DFD_manipulated_sequences/DFD_manipulated_sequences/20_06__kitchen_pan__6SUW7063.mp4,20_06__kitchen_pan__6SUW7063,1,Fake,DFD,train
/kaggle/input/datasets/sanikatiwarekar/deep-fake-detection-dfd-entire-original-dataset/DFD_manipulated_sequences/DFD_manipulated_sequences/20_13__outside_talking_pan_laughing__C50CSOEX.mp4,20_13__outside_talking_pan_laughing__C50CSOEX,1,Fake,DFD,train
/kaggle/input/datasets/sanikatiwarekar/deep-fake-detection-dfd-entire-original-dataset/DFD_original sequences/07__secret_conversation.mp4,07__secret_conversation,0,Real,DFD,train
/kaggle/input/datasets/sanikatiwarekar/deep-fake-detection-dfd-entire-original-dataset/DFD_manipulated_sequences/DFD_manipulated_sequences/07_26__outside_talking_still_laughing__FGNGC2GT.mp4,07_26__outside_talking_still_laughing__FGNGC2GT,1,Fake,DFD,train
/kaggle/input/datasets/sanikatiwarekar/deep-fake-detection-dfd-entire-original-dataset/DFD_manipulated_sequences/DFD_manipulated_sequences/24_19__outside_talking_pan_laughing__W1DEM0XM.mp4,24_19__outside_talking_pan_laughing__W1DEM0XM,1,Fake,DFD,train
/kaggle/input/datasets/sanikatiwarekar/deep-fake-detection-dfd-entire-original-dataset/DFD_original sequences/01__exit_phone_room.mp4,01__exit_phone_room,0,Real,DFD,train
/kaggle/input/datasets/sanikatiwarekar/deep-fake-detection-dfd-entire-original-dataset/DFD_original sequences/06__hugging_happy.mp4,06__hugging_happy,0,Real,DFD,train
/kaggle/input/datasets/sanikatiwarekar/deep-fake-detection-dfd-entire-original-dataset/DFD_original sequences/07__walking_outside_cafe_disgusted.mp4,07__walking_outside_cafe_disgusted,0,Real,DFD,train
/kaggle/input/datasets/sanikatiwarekar/deep-fake-detection-dfd-entire-original-dataset/DFD_manipulated_sequences/DFD_manipulated_sequences/28_16__podium_speech_happy__ZA8XJIE9.mp4,28_16__podium_speech_happy__ZA8XJIE9,1,Fake,DFD,train
/kaggle/input/datasets/sanikatiwarekar/deep-fake-detection-dfd-entire-original-dataset/DFD_manipulated_sequences/DFD_manipulated_sequences/11_01__podium_speech_happy__FCNL2OVP.mp4,11_01__podium_speech_happy__FCNL2OVP,1,Fake,DFD,train
/kaggle/input/datasets/sanikatiwarekar/deep-fake-detection-dfd-entire-original-dataset/DFD_original sequences/16__walking_and_outside_surprised.mp4,16__walking_and_outside_surprised,0,Real,DFD,train
/kaggle/input/datasets/sanikatiwarekar/deep-fake-detection-dfd-entire-original-dataset/DFD_original sequences/02__talking_angry_couch.mp4,02__talking_angry_couch,0,Real,DFD,train
/kaggle/input/datasets/sanikatiwarekar/deep-fake-detection-dfd-entire-original-dataset/DFD_original sequences/27__kitchen_pan.mp4,27__kitchen_pan,0,Real,DFD,train
/kaggle/input/datasets/sanikatiwarekar/deep-fake-detection-dfd-entire-original-dataset/DFD_original sequences/15__talking_angry_couch.mp4,15__talking_angry_couch,0,Real,DFD,train
/kaggle/input/datasets/sanikatiwarekar/deep-fake-detection-dfd-entire-original-dataset/DFD_original sequences/22__podium_speech_happy.mp4,22__podium_speech_happy,0,Real,DFD,train
/kaggle/input/datasets/sanikatiwarekar/deep-fake-detection-dfd-entire-original-dataset/DFD_original sequences/03__talking_against_wall.mp4,03__talking_against_wall,0,Real,DFD,train
/kaggle/input/datasets/sanikatiwarekar/deep-fake-detection-dfd-entire-original-dataset/DFD_manipulated_sequences/DFD_manipulated_sequences/25_26__podium_speech_happy__PQ41U3IJ.mp4,25_26__podium_speech_happy__PQ41U3IJ,1,Fake,DFD,train
/kaggle/input/datasets/sanikatiwarekar/deep-fake-detection-dfd-entire-original-dataset/DFD_manipulated_sequences/DFD_manipulated_sequences/15_03__kitchen_pan__DG8ITQO3.mp4,15_03__kitchen_pan__DG8ITQO3,1,Fake,DFD,train
/kaggle/input/datasets/sanikatiwarekar/deep-fake-detection-dfd-entire-original-dataset/DFD_original sequences/10__talking_against_wall.mp4,10__talking_against_wall,0,Real,DFD,train
/kaggle/input/datasets/sanikatiwarekar/deep-fake-detection-dfd-entire-original-dataset/DFD_manipulated_sequences/DFD_manipulated_sequences/27_18__outside_talking_still_laughing__NYHE8D0J.mp4,27_18__outside_talking_still_laughing__NYHE8D0J,1,Fake,DFD,train
/kaggle/input/datasets/sanikatiwarekar/deep-fake-detection-dfd-entire-original-dataset/DFD_original sequences/22__kitchen_pan.mp4,22__kitchen_pan,0,Real,DFD,train
/kaggle/input/datasets/sanikatiwarekar/deep-fake-detection-dfd-entire-original-dataset/DFD_original sequences/15__walking_and_outside_surprised.mp4,15__walking_and_outside_surprised,0,Real,DFD,train
/kaggle/input/datasets/sanikatiwarekar/deep-fake-detection-dfd-entire-original-dataset/DFD_manipulated_sequences/DFD_manipulated_sequences/18_06__outside_talking_pan_laughing__DEA1TCLN.mp4,18_06__outside_talking_pan_laughing__DEA1TCLN,1,Fake,DFD,train
/kaggle/input/datasets/sanikatiwarekar/deep-fake-detection-dfd-entire-original-dataset/DFD_original sequences/09__talking_angry_couch.mp4,09__talking_angry_couch,0,Real,DFD,train
/kaggle/input/datasets/sanikatiwarekar/deep-fake-detection-dfd-entire-original-dataset/DFD_manipulated_sequences/DFD_manipulated_sequences/09_20__talking_angry_couch__98NUQ3E6.mp4,09_20__talking_angry_couch__98NUQ3E6,1,Fake,DFD,train
/kaggle/input/datasets/sanikatiwarekar/deep-fake-detection-dfd-entire-original-dataset/DFD_manipulated_sequences/DFD_manipulated_sequences/02_06__secret_conversation__O9WOC1KJ.mp4,02_06__secret_conversation__O9WOC1KJ,1,Fake,DFD,train
/kaggle/input/datasets/sanikatiwarekar/deep-fake-detection-dfd-entire-original-dataset/DFD_original sequences/22__walk_down_hall_angry.mp4,22__walk_down_hall_angry,0,Real,DFD,train
/kaggle/input/datasets/sanikatiwarekar/deep-fake-detection-dfd-entire-original-dataset/DFD_original sequences/24__walking_down_street_outside_angry.mp4,24__walking_down_street_outside_angry,0,Real,DFD,train
/kaggle/input/datasets/sanikatiwarekar/deep-fake-detection-dfd-entire-original-dataset/DFD_manipulated_sequences/DFD_manipulated_sequences/06_11__kitchen_still__C8C4FW99.mp4,06_11__kitchen_still__C8C4FW99,1,Fake,DFD,train
/kaggle/input/datasets/sanikatiwarekar/deep-fake-detection-dfd-entire-original-dataset/DFD_original sequences/22__kitchen_still.mp4,22__kitchen_still,0,Real,DFD,train
/kaggle/input/datasets/sanikatiwarekar/deep-fake-detection-dfd-entire-original-dataset/DFD_manipulated_sequences/DFD_manipulated_sequences/07_02__walk_down_hall_angry__U7DEOZNV.mp4,07_02__walk_down_hall_angry__U7DEOZNV,1,Fake,DFD,train
/kaggle/input/datasets/sanikatiwarekar/deep-fake-detection-dfd-entire-original-dataset/DFD_manipulated_sequences/DFD_manipulated_sequences/01_20__meeting_serious__6UBMLXK3.mp4,01_20__meeting_serious__6UBMLXK3,1,Fake,DFD,train
/kaggle/input/datasets/sanikatiwarekar/deep-fake-detection-dfd-entire-original-dataset/DFD_manipulated_sequences/DFD_manipulated_sequences/02_15__outside_talking_still_laughing__HTG660F8.mp4,02_15__outside_talking_still_laughing__HTG660F8,1,Fake,DFD,train
/kaggle/input/datasets/sanikatiwarekar/deep-fake-detection-dfd-entire-original-dataset/DFD_manipulated_sequences/DFD_manipulated_sequences/26_12__talking_angry_couch__FWFQ5YB8.mp4,26_12__talking_angry_couch__FWFQ5YB8,1,Fake,DFD,train
/kaggle/input/datasets/sanikatiwarekar/deep-fake-detection-dfd-entire-original-dataset/DFD_original sequences/23__outside_talking_still_laughing.mp4,23__outside_talking_still_laughing,0,Real,DFD,train
/kaggle/input/datasets/sanikatiwarekar/deep-fake-detection-dfd-entire-original-dataset/DFD_original sequences/03__walking_down_street_outside_angry.mp4,03__walking_down_street_outside_angry,0,Real,DFD,train
/kaggle/input/datasets/sanikatiwarekar/deep-fake-detection-dfd-entire-original-dataset/DFD_manipulated_sequences/DFD_manipulated_sequences/04_02__walk_down_hall_angry__8CH7R4LW.mp4,04_02__walk_down_hall_angry__8CH7R4LW,1,Fake,DFD,train
/kaggle/input/datasets/sanikatiwarekar/deep-fake-detection-dfd-entire-original-dataset/DFD_manipulated_sequences/DFD_manipulated_sequences/05_16__walk_down_hall_angry__4MEM6YNQ.mp4,05_16__walk_down_hall_angry__4MEM6YNQ,1,Fake,DFD,train
/kaggle/input/datasets/sanikatiwarekar/deep-fake-detection-dfd-entire-original-dataset/DFD_original sequences/27__walk_down_hall_angry.mp4,27__walk_down_hall_angry,0,Real,DFD,train
/kaggle/input/datasets/sanikatiwarekar/deep-fake-detection-dfd-entire-original-dataset/DFD_manipulated_sequences/DFD_manipulated_sequences/03_07__talking_against_wall__F0YYEA5W.mp4,03_07__talking_against_wall__F0YYEA5W,1,Fake,DFD,train
/kaggle/input/datasets/sanikatiwarekar/deep-fake-detection-dfd-entire-original-dataset/DFD_original sequences/16__podium_speech_happy.mp4,16__podium_speech_happy,0,Real,DFD,train
/kaggle/input/datasets/sanikatiwarekar/deep-fake-detection-dfd-entire-original-dataset/DFD_original sequences/20__walking_outside_cafe_disgusted.mp4,20__walking_outside_cafe_disgusted,0,Real,DFD,train
/kaggle/input/datasets/sanikatiwarekar/deep-fake-detection-dfd-entire-original-dataset/DFD_original sequences/18__exit_phone_room.mp4,18__exit_phone_room,0,Real,DFD,train
/kaggle/input/datasets/sanikatiwarekar/deep-fake-detection-dfd-entire-original-dataset/DFD_original sequences/01__meeting_serious.mp4,01__meeting_serious,0,Real,DFD,train
/kaggle/input/datasets/sanikatiwarekar/deep-fake-detection-dfd-entire-original-dataset/DFD_original sequences/07__talking_against_wall.mp4,07__talking_against_wall,0,Real,DFD,train
/kaggle/input/datasets/sanikatiwarekar/deep-fake-detection-dfd-entire-original-dataset/DFD_manipulated_sequences/DFD_manipulated_sequences/18_03__outside_talking_pan_laughing__8HNSXOBW.mp4,18_03__outside_talking_pan_laughing__8HNSXOBW,1,Fake,DFD,train
/kaggle/input/datasets/sanikatiwarekar/deep-fake-detection-dfd-entire-original-dataset/DFD_manipulated_sequences/DFD_manipulated_sequences/11_01__talking_angry_couch__LL4RUKZA.mp4,11_01__talking_angry_couch__LL4RUKZA,1,Fake,DFD,train
/kaggle/input/datasets/sanikatiwarekar/deep-fake-detection-dfd-entire-original-dataset/DFD_manipulated_sequences/DFD_manipulated_sequences/13_26__podium_speech_happy__XRS5W2NC.mp4,13_26__podium_speech_happy__XRS5W2NC,1,Fake,DFD,train
/kaggle/input/datasets/sanikatiwarekar/deep-fake-detection-dfd-entire-original-dataset/DFD_original sequences/24__exit_phone_room.mp4,24__exit_phone_room,0,Real,DFD,train
/kaggle/input/datasets/sanikatiwarekar/deep-fake-detection-dfd-entire-original-dataset/DFD_manipulated_sequences/DFD_manipulated_sequences/10_22__kitchen_still__J2HR5HKH.mp4,10_22__kitchen_still__J2HR5HKH,1,Fake,DFD,train
/kaggle/input/datasets/sanikatiwarekar/deep-fake-detection-dfd-entire-original-dataset/DFD_original sequences/05__hugging_happy.mp4,05__hugging_happy,0,Real,DFD,train
/kaggle/input/datasets/sanikatiwarekar/deep-fake-detection-dfd-entire-original-dataset/DFD_original sequences/04__walking_outside_cafe_disgusted.mp4,04__walking_outside_cafe_disgusted,0,Real,DFD,train
/kaggle/input/datasets/sanikatiwarekar/deep-fake-detection-dfd-entire-original-dataset/DFD_manipulated_sequences/DFD_manipulated_sequences/20_01__secret_conversation__6UBMLXK3.mp4,20_01__secret_conversation__6UBMLXK3,1,Fake,DFD,train
/kaggle/input/datasets/sanikatiwarekar/deep-fake-detection-dfd-entire-original-dataset/DFD_manipulated_sequences/DFD_manipulated_sequences/20_25__hugging_happy__M86GQTHK.mp4,20_25__hugging_happy__M86GQTHK,1,Fake,DFD,train
/kaggle/input/datasets/sanikatiwarekar/deep-fake-detection-dfd-entire-original-dataset/DFD_original sequences/16__kitchen_pan.mp4,16__kitchen_pan,0,Real,DFD,train
/kaggle/input/datasets/sanikatiwarekar/deep-fake-detection-dfd-entire-original-dataset/DFD_original sequences/05__exit_phone_room.mp4,05__exit_phone_room,0,Real,DFD,train
/kaggle/input/datasets/sanikatiwarekar/deep-fake-detection-dfd-entire-original-dataset/DFD_original sequences/17__talking_angry_couch.mp4,17__talking_angry_couch,0,Real,DFD,train
/kaggle/input/datasets/sanikatiwarekar/deep-fake-detection-dfd-entire-original-dataset/DFD_manipulated_sequences/DFD_manipulated_sequences/03_21__secret_conversation__YCSEBZO4.mp4,03_21__secret_conversation__YCSEBZO4,1,Fake,DFD,train
/kaggle/input/datasets/sanikatiwarekar/deep-fake-detection-dfd-entire-original-dataset/DFD_manipulated_sequences/DFD_manipulated_sequences/18_03__podium_speech_happy__UEC1BI8E.mp4,18_03__podium_speech_happy__UEC1BI8E,1,Fake,DFD,train
/kaggle/input/datasets/sanikatiwarekar/deep-fake-detection-dfd-entire-original-dataset/DFD_manipulated_sequences/DFD_manipulated_sequences/02_27__outside_talking_pan_laughing__QW05XUUZ.mp4,02_27__outside_talking_pan_laughing__QW05XUUZ,1,Fake,DFD,train
/kaggle/input/datasets/sanikatiwarekar/deep-fake-detection-dfd-entire-original-dataset/DFD_original sequences/23__walking_down_street_outside_angry.mp4,23__walking_down_street_outside_angry,0,Real,DFD,train
/kaggle/input/datasets/sanikatiwarekar/deep-fake-detection-dfd-entire-original-dataset/DFD_manipulated_sequences/DFD_manipulated_sequences/03_18__exit_phone_room__N72YE748.mp4,03_18__exit_phone_room__N72YE748,1,Fake,DFD,train
/kaggle/input/datasets/sanikatiwarekar/deep-fake-detection-dfd-entire-original-dataset/DFD_manipulated_sequences/DFD_manipulated_sequences/02_13__secret_conversation__CP5HFV3K.mp4,02_13__secret_conversation__CP5HFV3K,1,Fake,DFD,train
/kaggle/input/datasets/sanikatiwarekar/deep-fake-detection-dfd-entire-original-dataset/DFD_original sequences/18__walking_outside_cafe_disgusted.mp4,18__walking_outside_cafe_disgusted,0,Real,DFD,train
/kaggle/input/datasets/sanikatiwarekar/deep-fake-detection-dfd-entire-original-dataset/DFD_original sequences/26__secret_conversation.mp4,26__secret_conversation,0,Real,DFD,train
/kaggle/input/datasets/sanikatiwarekar/deep-fake-detection-dfd-entire-original-dataset/DFD_original sequences/23__exit_phone_room.mp4,23__exit_phone_room,0,Real,DFD,train
/kaggle/input/datasets/sanikatiwarekar/deep-fake-detection-dfd-entire-original-dataset/DFD_original sequences/12__outside_talking_still_laughing.mp4,12__outside_talking_still_laughing,0,Real,DFD,train
/kaggle/input/datasets/sanikatiwarekar/deep-fake-detection-dfd-entire-original-dataset/DFD_original sequences/27__walking_outside_cafe_disgusted.mp4,27__walking_outside_cafe_disgusted,0,Real,DFD,train
/kaggle/input/datasets/sanikatiwarekar/deep-fake-detection-dfd-entire-original-dataset/DFD_original sequences/18__outside_talking_pan_laughing.mp4,18__outside_talking_pan_laughing,0,Real,DFD,train
/kaggle/input/datasets/sanikatiwarekar/deep-fake-detection-dfd-entire-original-dataset/DFD_original sequences/21__outside_talking_still_laughing.mp4,21__outside_talking_still_laughing,0,Real,DFD,train
/kaggle/input/datasets/sanikatiwarekar/deep-fake-detection-dfd-entire-original-dataset/DFD_manipulated_sequences/DFD_manipulated_sequences/17_05__kitchen_pan__M3H96PDQ.mp4,17_05__kitchen_pan__M3H96PDQ,1,Fake,DFD,train
/kaggle/input/datasets/sanikatiwarekar/deep-fake-detection-dfd-entire-original-dataset/DFD_original sequences/23__walking_outside_cafe_disgusted.mp4,23__walking_outside_cafe_disgusted,0,Real,DFD,train
/kaggle/input/datasets/sanikatiwarekar/deep-fake-detection-dfd-entire-original-dataset/DFD_original sequences/01__podium_speech_happy.mp4,01__podium_speech_happy,0,Real,DFD,train
/kaggle/input/datasets/sanikatiwarekar/deep-fake-detection-dfd-entire-original-dataset/DFD_original sequences/16__hugging_happy.mp4,16__hugging_happy,0,Real,DFD,train
/kaggle/input/datasets/sanikatiwarekar/deep-fake-detection-dfd-entire-original-dataset/DFD_manipulated_sequences/DFD_manipulated_sequences/13_11__podium_speech_happy__XXKQ4XM0.mp4,13_11__podium_speech_happy__XXKQ4XM0,1,Fake,DFD,train
/kaggle/input/datasets/sanikatiwarekar/deep-fake-detection-dfd-entire-original-dataset/DFD_manipulated_sequences/DFD_manipulated_sequences/02_13__talking_angry_couch__AROBAY8R.mp4,02_13__talking_angry_couch__AROBAY8R,1,Fake,DFD,train
/kaggle/input/datasets/sanikatiwarekar/deep-fake-detection-dfd-entire-original-dataset/DFD_original sequences/17__walking_and_outside_surprised.mp4,17__walking_and_outside_surprised,0,Real,DFD,train
/kaggle/input/datasets/sanikatiwarekar/deep-fake-detection-dfd-entire-original-dataset/DFD_manipulated_sequences/DFD_manipulated_sequences/06_26__talking_against_wall__L5BVR5L9.mp4,06_26__talking_against_wall__L5BVR5L9,1,Fake,DFD,train
/kaggle/input/datasets/sanikatiwarekar/deep-fake-detection-dfd-entire-original-dataset/DFD_original sequences/04__talking_angry_couch.mp4,04__talking_angry_couch,0,Real,DFD,train
/kaggle/input/datasets/sanikatiwarekar/deep-fake-detection-dfd-entire-original-dataset/DFD_original sequences/06__talking_angry_couch.mp4,06__talking_angry_couch,0,Real,DFD,train
/kaggle/input/datasets/sanikatiwarekar/deep-fake-detection-dfd-entire-original-dataset/DFD_original sequences/19__walking_down_street_outside_angry.mp4,19__walking_down_street_outside_angry,0,Real,DFD,train
/kaggle/input/datasets/sanikatiwarekar/deep-fake-detection-dfd-entire-original-dataset/DFD_original sequences/18__kitchen_still.mp4,18__kitchen_still,0,Real,DFD,train
/kaggle/input/datasets/sanikatiwarekar/deep-fake-detection-dfd-entire-original-dataset/DFD_manipulated_sequences/DFD_manipulated_sequences/20_27__walk_down_hall_angry__LM907ECA.mp4,20_27__walk_down_hall_angry__LM907ECA,1,Fake,DFD,train
/kaggle/input/datasets/sanikatiwarekar/deep-fake-detection-dfd-entire-original-dataset/DFD_original sequences/01__talking_angry_couch.mp4,01__talking_angry_couch,0,Real,DFD,train
/kaggle/input/datasets/sanikatiwarekar/deep-fake-detection-dfd-entire-original-dataset/DFD_original sequences/12__kitchen_pan.mp4,12__kitchen_pan,0,Real,DFD,train
/kaggle/input/datasets/sanikatiwarekar/deep-fake-detection-dfd-entire-original-dataset/DFD_manipulated_sequences/DFD_manipulated_sequences/18_26__secret_conversation__UMEX6HWU.mp4,18_26__secret_conversation__UMEX6HWU,1,Fake,DFD,train
/kaggle/input/datasets/sanikatiwarekar/deep-fake-detection-dfd-entire-original-dataset/DFD_original sequences/15__walking_down_street_outside_angry.mp4,15__walking_down_street_outside_angry,0,Real,DFD,train
/kaggle/input/datasets/sanikatiwarekar/deep-fake-detection-dfd-entire-original-dataset/DFD_original sequences/05__kitchen_still.mp4,05__kitchen_still,0,Real,DFD,train
/kaggle/input/datasets/sanikatiwarekar/deep-fake-detection-dfd-entire-original-dataset/DFD_manipulated_sequences/DFD_manipulated_sequences/09_02__outside_talking_pan_laughing__HIH8YA82.mp4,09_02__outside_talking_pan_laughing__HIH8YA82,1,Fake,DFD,train
/kaggle/input/datasets/sanikatiwarekar/deep-fake-detection-dfd-entire-original-dataset/DFD_original sequences/15__hugging_happy.mp4,15__hugging_happy,0,Real,DFD,train
/kaggle/input/datasets/sanikatiwarekar/deep-fake-detection-dfd-entire-original-dataset/DFD_manipulated_sequences/DFD_manipulated_sequences/02_04__hugging_happy__SUIZOXAJ.mp4,02_04__hugging_happy__SUIZOXAJ,1,Fake,DFD,train
/kaggle/input/datasets/sanikatiwarekar/deep-fake-detection-dfd-entire-original-dataset/DFD_original sequences/11__exit_phone_room.mp4,11__exit_phone_room,0,Real,DFD,train
/kaggle/input/datasets/sanikatiwarekar/deep-fake-detection-dfd-entire-original-dataset/DFD_original sequences/01__walk_down_hall_angry.mp4,01__walk_down_hall_angry,0,Real,DFD,train
/kaggle/input/datasets/sanikatiwarekar/deep-fake-detection-dfd-entire-original-dataset/DFD_original sequences/20__talking_against_wall.mp4,20__talking_against_wall,0,Real,DFD,train
/kaggle/input/datasets/sanikatiwarekar/deep-fake-detection-dfd-entire-original-dataset/DFD_manipulated_sequences/DFD_manipulated_sequences/20_26__kitchen_still__34DJQS3E.mp4,20_26__kitchen_still__34DJQS3E,1,Fake,DFD,train
/kaggle/input/datasets/sanikatiwarekar/deep-fake-detection-dfd-entire-original-dataset/DFD_original sequences/23__secret_conversation.mp4,23__secret_conversation,0,Real,DFD,train
/kaggle/input/datasets/sanikatiwarekar/deep-fake-detection-dfd-entire-original-dataset/DFD_original sequences/16__walking_down_indoor_hall_disgust.mp4,16__walking_down_indoor_hall_disgust,0,Real,DFD,train
/kaggle/input/datasets/sanikatiwarekar/deep-fake-detection-dfd-entire-original-dataset/DFD_manipulated_sequences/DFD_manipulated_sequences/18_15__kitchen_pan__V5VHLCOW.mp4,18_15__kitchen_pan__V5VHLCOW,1,Fake,DFD,train
/kaggle/input/datasets/sanikatiwarekar/deep-fake-detection-dfd-entire-original-dataset/DFD_original sequences/12__secret_conversation.mp4,12__secret_conversation,0,Real,DFD,train
/kaggle/input/datasets/sanikatiwarekar/deep-fake-detection-dfd-entire-original-dataset/DFD_manipulated_sequences/DFD_manipulated_sequences/15_25__talking_angry_couch__FF95NMIQ.mp4,15_25__talking_angry_couch__FF95NMIQ,1,Fake,DFD,train
/kaggle/input/datasets/sanikatiwarekar/deep-fake-detection-dfd-entire-original-dataset/DFD_original sequences/27__talking_against_wall.mp4,27__talking_against_wall,0,Real,DFD,train
/kaggle/input/datasets/sanikatiwarekar/deep-fake-detection-dfd-entire-original-dataset/DFD_original sequences/08__walking_outside_cafe_disgusted.mp4,08__walking_outside_cafe_disgusted,0,Real,DFD,train
/kaggle/input/datasets/sanikatiwarekar/deep-fake-detection-dfd-entire-original-dataset/DFD_manipulated_sequences/DFD_manipulated_sequences/02_13__outside_talking_still_laughing__2YSYT2N3.mp4,02_13__outside_talking_still_laughing__2YSYT2N3,1,Fake,DFD,train
/kaggle/input/datasets/sanikatiwarekar/deep-fake-detection-dfd-entire-original-dataset/DFD_manipulated_sequences/DFD_manipulated_sequences/14_02__kitchen_pan__3IUBEKCT.mp4,14_02__kitchen_pan__3IUBEKCT,1,Fake,DFD,train
/kaggle/input/datasets/sanikatiwarekar/deep-fake-detection-dfd-entire-original-dataset/DFD_manipulated_sequences/DFD_manipulated_sequences/05_08__exit_phone_room__YN1Q9TER.mp4,05_08__exit_phone_room__YN1Q9TER,1,Fake,DFD,train
/kaggle/input/datasets/sanikatiwarekar/deep-fake-detection-dfd-entire-original-dataset/DFD_original sequences/27__talking_angry_couch.mp4,27__talking_angry_couch,0,Real,DFD,train
/kaggle/input/datasets/sanikatiwarekar/deep-fake-detection-dfd-entire-original-dataset/DFD_manipulated_sequences/DFD_manipulated_sequences/25_27__outside_talking_still_laughing__1KU29EUL.mp4,25_27__outside_talking_still_laughing__1KU29EUL,1,Fake,DFD,train
/kaggle/input/datasets/sanikatiwarekar/deep-fake-detection-dfd-entire-original-dataset/DFD_original sequences/22__outside_talking_pan_laughing.mp4,22__outside_talking_pan_laughing,0,Real,DFD,train
/kaggle/input/datasets/sanikatiwarekar/deep-fake-detection-dfd-entire-original-dataset/DFD_manipulated_sequences/DFD_manipulated_sequences/03_12__walking_outside_cafe_disgusted__D7G6YJON.mp4,03_12__walking_outside_cafe_disgusted__D7G6YJON,1,Fake,DFD,train
/kaggle/input/datasets/sanikatiwarekar/deep-fake-detection-dfd-entire-original-dataset/DFD_original sequences/25__talking_against_wall.mp4,25__talking_against_wall,0,Real,DFD,train
/kaggle/input/datasets/sanikatiwarekar/deep-fake-detection-dfd-entire-original-dataset/DFD_manipulated_sequences/DFD_manipulated_sequences/25_15__walking_down_street_outside_angry__FF95NMIQ.mp4,25_15__walking_down_street_outside_angry__FF95NMIQ,1,Fake,DFD,train
/kaggle/input/datasets/sanikatiwarekar/deep-fake-detection-dfd-entire-original-dataset/DFD_manipulated_sequences/DFD_manipulated_sequences/09_13__walk_down_hall_angry__6K90KFOQ.mp4,09_13__walk_down_hall_angry__6K90KFOQ,1,Fake,DFD,train
/kaggle/input/datasets/sanikatiwarekar/deep-fake-detection-dfd-entire-original-dataset/DFD_manipulated_sequences/DFD_manipulated_sequences/05_16__outside_talking_pan_laughing__053HPS1G.mp4,05_16__outside_talking_pan_laughing__053HPS1G,1,Fake,DFD,train
/kaggle/input/datasets/sanikatiwarekar/deep-fake-detection-dfd-entire-original-dataset/DFD_manipulated_sequences/DFD_manipulated_sequences/04_26__secret_conversation__WX836VLY.mp4,04_26__secret_conversation__WX836VLY,1,Fake,DFD,train
/kaggle/input/datasets/sanikatiwarekar/deep-fake-detection-dfd-entire-original-dataset/DFD_original sequences/22__walking_down_street_outside_angry.mp4,22__walking_down_street_outside_angry,0,Real,DFD,train
/kaggle/input/datasets/sanikatiwarekar/deep-fake-detection-dfd-entire-original-dataset/DFD_manipulated_sequences/DFD_manipulated_sequences/25_06__walk_down_hall_angry__3QQBVBYN.mp4,25_06__walk_down_hall_angry__3QQBVBYN,1,Fake,DFD,train
/kaggle/input/datasets/sanikatiwarekar/deep-fake-detection-dfd-entire-original-dataset/DFD_manipulated_sequences/DFD_manipulated_sequences/16_05__walk_down_hall_angry__V7BK27TX.mp4,16_05__walk_down_hall_angry__V7BK27TX,1,Fake,DFD,train
/kaggle/input/datasets/sanikatiwarekar/deep-fake-detection-dfd-entire-original-dataset/DFD_original sequences/21__kitchen_still.mp4,21__kitchen_still,0,Real,DFD,train
/kaggle/input/datasets/sanikatiwarekar/deep-fake-detection-dfd-entire-original-dataset/DFD_manipulated_sequences/DFD_manipulated_sequences/01_11__hugging_happy__EKE2KNRE.mp4,01_11__hugging_happy__EKE2KNRE,1,Fake,DFD,train
/kaggle/input/datasets/sanikatiwarekar/deep-fake-detection-dfd-entire-original-dataset/DFD_original sequences/14__walking_and_outside_surprised.mp4,14__walking_and_outside_surprised,0,Real,DFD,train
/kaggle/input/datasets/sanikatiwarekar/deep-fake-detection-dfd-entire-original-dataset/DFD_original sequences/14__talking_angry_couch.mp4,14__talking_angry_couch,0,Real,DFD,train
/kaggle/input/datasets/sanikatiwarekar/deep-fake-detection-dfd-entire-original-dataset/DFD_original sequences/13__secret_conversation.mp4,13__secret_conversation,0,Real,DFD,train
/kaggle/input/datasets/sanikatiwarekar/deep-fake-detection-dfd-entire-original-dataset/DFD_original sequences/23__kitchen_still.mp4,23__kitchen_still,0,Real,DFD,train
/kaggle/input/datasets/sanikatiwarekar/deep-fake-detection-dfd-entire-original-dataset/DFD_original sequences/03__walking_outside_cafe_disgusted.mp4,03__walking_outside_cafe_disgusted,0,Real,DFD,train
/kaggle/input/datasets/sanikatiwarekar/deep-fake-detection-dfd-entire-original-dataset/DFD_manipulated_sequences/DFD_manipulated_sequences/02_18__exit_phone_room__OXMEEFUQ.mp4,02_18__exit_phone_room__OXMEEFUQ,1,Fake,DFD,train
/kaggle/input/datasets/sanikatiwarekar/deep-fake-detection-dfd-entire-original-dataset/DFD_manipulated_sequences/DFD_manipulated_sequences/18_25__walk_down_hall_angry__AUC0HY5T.mp4,18_25__walk_down_hall_angry__AUC0HY5T,1,Fake,DFD,train
/kaggle/input/datasets/sanikatiwarekar/deep-fake-detection-dfd-entire-original-dataset/DFD_original sequences/02__outside_talking_still_laughing.mp4,02__outside_talking_still_laughing,0,Real,DFD,train
/kaggle/input/datasets/sanikatiwarekar/deep-fake-detection-dfd-entire-original-dataset/DFD_original sequences/20__outside_talking_pan_laughing.mp4,20__outside_talking_pan_laughing,0,Real,DFD,train
/kaggle/input/datasets/sanikatiwarekar/deep-fake-detection-dfd-entire-original-dataset/DFD_manipulated_sequences/DFD_manipulated_sequences/06_03__walk_down_hall_angry__1IXGY2FK.mp4,06_03__walk_down_hall_angry__1IXGY2FK,1,Fake,DFD,train
/kaggle/input/datasets/sanikatiwarekar/deep-fake-detection-dfd-entire-original-dataset/DFD_original sequences/05__walking_outside_cafe_disgusted.mp4,05__walking_outside_cafe_disgusted,0,Real,DFD,train
/kaggle/input/datasets/sanikatiwarekar/deep-fake-detection-dfd-entire-original-dataset/DFD_original sequences/07__outside_talking_still_laughing.mp4,07__outside_talking_still_laughing,0,Real,DFD,train
/kaggle/input/datasets/sanikatiwarekar/deep-fake-detection-dfd-entire-original-dataset/DFD_manipulated_sequences/DFD_manipulated_sequences/26_14__talking_against_wall__ILLP29ZH.mp4,26_14__talking_against_wall__ILLP29ZH,1,Fake,DFD,train
/kaggle/input/datasets/sanikatiwarekar/deep-fake-detection-dfd-entire-original-dataset/DFD_original sequences/12__exit_phone_room.mp4,12__exit_phone_room,0,Real,DFD,train
/kaggle/input/datasets/sanikatiwarekar/deep-fake-detection-dfd-entire-original-dataset/DFD_original sequences/27__walking_down_indoor_hall_disgust.mp4,27__walking_down_indoor_hall_disgust,0,Real,DFD,train
/kaggle/input/datasets/sanikatiwarekar/deep-fake-detection-dfd-entire-original-dataset/DFD_manipulated_sequences/DFD_manipulated_sequences/15_03__walk_down_hall_angry__AIOM1U5V.mp4,15_03__walk_down_hall_angry__AIOM1U5V,1,Fake,DFD,train
/kaggle/input/datasets/sanikatiwarekar/deep-fake-detection-dfd-entire-original-dataset/DFD_manipulated_sequences/DFD_manipulated_sequences/08_05__walk_down_hall_angry__PRBCE28Z.mp4,08_05__walk_down_hall_angry__PRBCE28Z,1,Fake,DFD,train
/kaggle/input/datasets/sanikatiwarekar/deep-fake-detection-dfd-entire-original-dataset/DFD_manipulated_sequences/DFD_manipulated_sequences/12_13__outside_talking_still_laughing__N8IGC93J.mp4,12_13__outside_talking_still_laughing__N8IGC93J,1,Fake,DFD,train
/kaggle/input/datasets/sanikatiwarekar/deep-fake-detection-dfd-entire-original-dataset/DFD_original sequences/17__kitchen_pan.mp4,17__kitchen_pan,0,Real,DFD,train
/kaggle/input/datasets/sanikatiwarekar/deep-fake-detection-dfd-entire-original-dataset/DFD_original sequences/23__talking_against_wall.mp4,23__talking_against_wall,0,Real,DFD,train
/kaggle/input/datasets/sanikatiwarekar/deep-fake-detection-dfd-entire-original-dataset/DFD_original sequences/23__kitchen_pan.mp4,23__kitchen_pan,0,Real,DFD,train
/kaggle/input/datasets/sanikatiwarekar/deep-fake-detection-dfd-entire-original-dataset/DFD_manipulated_sequences/DFD_manipulated_sequences/01_11__outside_talking_pan_laughing__UQ0BOBNO.mp4,01_11__outside_talking_pan_laughing__UQ0BOBNO,1,Fake,DFD,train
/kaggle/input/datasets/sanikatiwarekar/deep-fake-detection-dfd-entire-original-dataset/DFD_original sequences/23__walking_and_outside_surprised.mp4,23__walking_and_outside_surprised,0,Real,DFD,train
/kaggle/input/datasets/sanikatiwarekar/deep-fake-detection-dfd-entire-original-dataset/DFD_manipulated_sequences/DFD_manipulated_sequences/28_16__kitchen_pan__X5FNCYON.mp4,28_16__kitchen_pan__X5FNCYON,1,Fake,DFD,train
/kaggle/input/datasets/sanikatiwarekar/deep-fake-detection-dfd-entire-original-dataset/DFD_manipulated_sequences/DFD_manipulated_sequences/25_21__walking_down_street_outside_angry__NFBISHIN.mp4,25_21__walking_down_street_outside_angry__NFBISHIN,1,Fake,DFD,train
/kaggle/input/datasets/sanikatiwarekar/deep-fake-detection-dfd-entire-original-dataset/DFD_original sequences/03__walking_down_indoor_hall_disgust.mp4,03__walking_down_indoor_hall_disgust,0,Real,DFD,train
/kaggle/input/datasets/sanikatiwarekar/deep-fake-detection-dfd-entire-original-dataset/DFD_manipulated_sequences/DFD_manipulated_sequences/27_13__hugging_happy__A1OSUJE9.mp4,27_13__hugging_happy__A1OSUJE9,1,Fake,DFD,train
/kaggle/input/datasets/sanikatiwarekar/deep-fake-detection-dfd-entire-original-dataset/DFD_manipulated_sequences/DFD_manipulated_sequences/07_02__talking_angry_couch__1VMZUH1W.mp4,07_02__talking_angry_couch__1VMZUH1W,1,Fake,DFD,train
/kaggle/input/datasets/sanikatiwarekar/deep-fake-detection-dfd-entire-original-dataset/DFD_manipulated_sequences/DFD_manipulated_sequences/13_02__exit_phone_room__PLNVLO74.mp4,13_02__exit_phone_room__PLNVLO74,1,Fake,DFD,train
/kaggle/input/datasets/sanikatiwarekar/deep-fake-detection-dfd-entire-original-dataset/DFD_original sequences/17__walk_down_hall_angry.mp4,17__walk_down_hall_angry,0,Real,DFD,train
/kaggle/input/datasets/sanikatiwarekar/deep-fake-detection-dfd-entire-original-dataset/DFD_manipulated_sequences/DFD_manipulated_sequences/01_11__podium_speech_happy__WIZ7GKOD.mp4,01_11__podium_speech_happy__WIZ7GKOD,1,Fake,DFD,train
/kaggle/input/datasets/sanikatiwarekar/deep-fake-detection-dfd-entire-original-dataset/DFD_original sequences/11__outside_talking_still_laughing.mp4,11__outside_talking_still_laughing,0,Real,DFD,train
/kaggle/input/datasets/sanikatiwarekar/deep-fake-detection-dfd-entire-original-dataset/DFD_original sequences/12__talking_against_wall.mp4,12__talking_against_wall,0,Real,DFD,train
/kaggle/input/datasets/sanikatiwarekar/deep-fake-detection-dfd-entire-original-dataset/DFD_original sequences/14__talking_against_wall.mp4,14__talking_against_wall,0,Real,DFD,train
/kaggle/input/datasets/sanikatiwarekar/deep-fake-detection-dfd-entire-original-dataset/DFD_original sequences/27__podium_speech_happy.mp4,27__podium_speech_happy,0,Real,DFD,train
/kaggle/input/datasets/sanikatiwarekar/deep-fake-detection-dfd-entire-original-dataset/DFD_manipulated_sequences/DFD_manipulated_sequences/14_01__kitchen_still__01YF7VQM.mp4,14_01__kitchen_still__01YF7VQM,1,Fake,DFD,train
/kaggle/input/datasets/sanikatiwarekar/deep-fake-detection-dfd-entire-original-dataset/DFD_original sequences/16__walking_down_street_outside_angry.mp4,16__walking_down_street_outside_angry,0,Real,DFD,train
/kaggle/input/datasets/sanikatiwarekar/deep-fake-detection-dfd-entire-original-dataset/DFD_original sequences/13__kitchen_still.mp4,13__kitchen_still,0,Real,DFD,train
/kaggle/input/datasets/sanikatiwarekar/deep-fake-detection-dfd-entire-original-dataset/DFD_manipulated_sequences/DFD_manipulated_sequences/02_07__secret_conversation__1VMZUH1W.mp4,02_07__secret_conversation__1VMZUH1W,1,Fake,DFD,train
/kaggle/input/datasets/sanikatiwarekar/deep-fake-detection-dfd-entire-original-dataset/DFD_original sequences/12__outside_talking_pan_laughing.mp4,12__outside_talking_pan_laughing,0,Real,DFD,train
/kaggle/input/datasets/sanikatiwarekar/deep-fake-detection-dfd-entire-original-dataset/DFD_manipulated_sequences/DFD_manipulated_sequences/01_15__podium_speech_happy__02HILKYO.mp4,01_15__podium_speech_happy__02HILKYO,1,Fake,DFD,train
/kaggle/input/datasets/sanikatiwarekar/deep-fake-detection-dfd-entire-original-dataset/DFD_manipulated_sequences/DFD_manipulated_sequences/17_16__exit_phone_room__S7UMSIQV.mp4,17_16__exit_phone_room__S7UMSIQV,1,Fake,DFD,train
/kaggle/input/datasets/sanikatiwarekar/deep-fake-detection-dfd-entire-original-dataset/DFD_manipulated_sequences/DFD_manipulated_sequences/22_24__talking_against_wall__XL557XC6.mp4,22_24__talking_against_wall__XL557XC6,1,Fake,DFD,train
/kaggle/input/datasets/sanikatiwarekar/deep-fake-detection-dfd-entire-original-dataset/DFD_manipulated_sequences/DFD_manipulated_sequences/01_09__talking_angry_couch__O8HNNX43.mp4,01_09__talking_angry_couch__O8HNNX43,1,Fake,DFD,train
/kaggle/input/datasets/sanikatiwarekar/deep-fake-detection-dfd-entire-original-dataset/DFD_manipulated_sequences/DFD_manipulated_sequences/02_14__walking_outside_cafe_disgusted__3IUBEKCT.mp4,02_14__walking_outside_cafe_disgusted__3IUBEKCT,1,Fake,DFD,train
/kaggle/input/datasets/sanikatiwarekar/deep-fake-detection-dfd-entire-original-dataset/DFD_manipulated_sequences/DFD_manipulated_sequences/25_12__secret_conversation__0SA36BZ5.mp4,25_12__secret_conversation__0SA36BZ5,1,Fake,DFD,train
/kaggle/input/datasets/sanikatiwarekar/deep-fake-detection-dfd-entire-original-dataset/DFD_manipulated_sequences/DFD_manipulated_sequences/12_15__walking_down_street_outside_angry__N0SRODQD.mp4,12_15__walking_down_street_outside_angry__N0SRODQD,1,Fake,DFD,train
/kaggle/input/datasets/sanikatiwarekar/deep-fake-detection-dfd-entire-original-dataset/DFD_manipulated_sequences/DFD_manipulated_sequences/02_06__walking_down_indoor_hall_disgust__GH8TGTBS.mp4,02_06__walking_down_indoor_hall_disgust__GH8TGTBS,1,Fake,DFD,train
/kaggle/input/datasets/sanikatiwarekar/deep-fake-detection-dfd-entire-original-dataset/DFD_manipulated_sequences/DFD_manipulated_sequences/08_05__kitchen_still__UNN7ZGKO.mp4,08_05__kitchen_still__UNN7ZGKO,1,Fake,DFD,train
/kaggle/input/datasets/sanikatiwarekar/deep-fake-detection-dfd-entire-original-dataset/DFD_manipulated_sequences/DFD_manipulated_sequences/06_25__walking_and_outside_surprised__MI9BDQ7M.mp4,06_25__walking_and_outside_surprised__MI9BDQ7M,1,Fake,DFD,train
/kaggle/input/datasets/sanikatiwarekar/deep-fake-detection-dfd-entire-original-dataset/DFD_original sequences/22__walking_outside_cafe_disgusted.mp4,22__walking_outside_cafe_disgusted,0,Real,DFD,train
/kaggle/input/datasets/sanikatiwarekar/deep-fake-detection-dfd-entire-original-dataset/DFD_manipulated_sequences/DFD_manipulated_sequences/15_20__outside_talking_pan_laughing__99NHTFBM.mp4,15_20__outside_talking_pan_laughing__99NHTFBM,1,Fake,DFD,train
/kaggle/input/datasets/sanikatiwarekar/deep-fake-detection-dfd-entire-original-dataset/DFD_original sequences/02__walking_and_outside_surprised.mp4,02__walking_and_outside_surprised,0,Real,DFD,train
/kaggle/input/datasets/sanikatiwarekar/deep-fake-detection-dfd-entire-original-dataset/DFD_original sequences/06__walking_down_indoor_hall_disgust.mp4,06__walking_down_indoor_hall_disgust,0,Real,DFD,train
/kaggle/input/datasets/sanikatiwarekar/deep-fake-detection-dfd-entire-original-dataset/DFD_manipulated_sequences/DFD_manipulated_sequences/16_05__hugging_happy__V7BK27TX.mp4,16_05__hugging_happy__V7BK27TX,1,Fake,DFD,train
/kaggle/input/datasets/sanikatiwarekar/deep-fake-detection-dfd-entire-original-dataset/DFD_original sequences/27__kitchen_still.mp4,27__kitchen_still,0,Real,DFD,train
/kaggle/input/datasets/sanikatiwarekar/deep-fake-detection-dfd-entire-original-dataset/DFD_manipulated_sequences/DFD_manipulated_sequences/21_09__outside_talking_still_laughing__O9ER29Z6.mp4,21_09__outside_talking_still_laughing__O9ER29Z6,1,Fake,DFD,train
/kaggle/input/datasets/sanikatiwarekar/deep-fake-detection-dfd-entire-original-dataset/DFD_manipulated_sequences/DFD_manipulated_sequences/26_09__talking_against_wall__C3K20JOL.mp4,26_09__talking_against_wall__C3K20JOL,1,Fake,DFD,train
/kaggle/input/datasets/sanikatiwarekar/deep-fake-detection-dfd-entire-original-dataset/DFD_manipulated_sequences/DFD_manipulated_sequences/04_15__talking_against_wall__7NW4Z6WZ.mp4,04_15__talking_against_wall__7NW4Z6WZ,1,Fake,DFD,train
/kaggle/input/datasets/sanikatiwarekar/deep-fake-detection-dfd-entire-original-dataset/DFD_original sequences/11__kitchen_pan.mp4,11__kitchen_pan,0,Real,DFD,train
/kaggle/input/datasets/sanikatiwarekar/deep-fake-detection-dfd-entire-original-dataset/DFD_manipulated_sequences/DFD_manipulated_sequences/07_25__walking_outside_cafe_disgusted__PAE9HCA8.mp4,07_25__walking_outside_cafe_disgusted__PAE9HCA8,1,Fake,DFD,train
/kaggle/input/datasets/sanikatiwarekar/deep-fake-detection-dfd-entire-original-dataset/DFD_manipulated_sequences/DFD_manipulated_sequences/23_22__walking_outside_cafe_disgusted__X2ZN5Q31.mp4,23_22__walking_outside_cafe_disgusted__X2ZN5Q31,1,Fake,DFD,train
/kaggle/input/datasets/sanikatiwarekar/deep-fake-detection-dfd-entire-original-dataset/DFD_original sequences/20__talking_angry_couch.mp4,20__talking_angry_couch,0,Real,DFD,train
/kaggle/input/datasets/sanikatiwarekar/deep-fake-detection-dfd-entire-original-dataset/DFD_original sequences/20__walking_down_street_outside_angry.mp4,20__walking_down_street_outside_angry,0,Real,DFD,train
/kaggle/input/datasets/sanikatiwarekar/deep-fake-detection-dfd-entire-original-dataset/DFD_manipulated_sequences/DFD_manipulated_sequences/04_03__talking_angry_couch__T04P6ELC.mp4,04_03__talking_angry_couch__T04P6ELC,1,Fake,DFD,train
/kaggle/input/datasets/sanikatiwarekar/deep-fake-detection-dfd-entire-original-dataset/DFD_original sequences/21__exit_phone_room.mp4,21__exit_phone_room,0,Real,DFD,train
/kaggle/input/datasets/sanikatiwarekar/deep-fake-detection-dfd-entire-original-dataset/DFD_original sequences/23__podium_speech_happy.mp4,23__podium_speech_happy,0,Real,DFD,train
/kaggle/input/datasets/sanikatiwarekar/deep-fake-detection-dfd-entire-original-dataset/DFD_original sequences/26__kitchen_pan.mp4,26__kitchen_pan,0,Real,DFD,train
/kaggle/input/datasets/sanikatiwarekar/deep-fake-detection-dfd-entire-original-dataset/DFD_manipulated_sequences/DFD_manipulated_sequences/18_03__exit_phone_room__32DBR8L4.mp4,18_03__exit_phone_room__32DBR8L4,1,Fake,DFD,train
/kaggle/input/datasets/sanikatiwarekar/deep-fake-detection-dfd-entire-original-dataset/DFD_manipulated_sequences/DFD_manipulated_sequences/21_20__walking_down_indoor_hall_disgust__ZCB5OMEW.mp4,21_20__walking_down_indoor_hall_disgust__ZCB5OMEW,1,Fake,DFD,train
/kaggle/input/datasets/sanikatiwarekar/deep-fake-detection-dfd-entire-original-dataset/DFD_original sequences/07__walk_down_hall_angry.mp4,07__walk_down_hall_angry,0,Real,DFD,train
/kaggle/input/datasets/sanikatiwarekar/deep-fake-detection-dfd-entire-original-dataset/DFD_manipulated_sequences/DFD_manipulated_sequences/11_20__secret_conversation__B2H95QXV.mp4,11_20__secret_conversation__B2H95QXV,1,Fake,DFD,train
/kaggle/input/datasets/sanikatiwarekar/deep-fake-detection-dfd-entire-original-dataset/DFD_manipulated_sequences/DFD_manipulated_sequences/16_17__hugging_happy__S7UMSIQV.mp4,16_17__hugging_happy__S7UMSIQV,1,Fake,DFD,train
/kaggle/input/datasets/sanikatiwarekar/deep-fake-detection-dfd-entire-original-dataset/DFD_manipulated_sequences/DFD_manipulated_sequences/24_19__podium_speech_happy__OF8LF68K.mp4,24_19__podium_speech_happy__OF8LF68K,1,Fake,DFD,train
/kaggle/input/datasets/sanikatiwarekar/deep-fake-detection-dfd-entire-original-dataset/DFD_manipulated_sequences/DFD_manipulated_sequences/03_14__exit_phone_room__KJ221YN0.mp4,03_14__exit_phone_room__KJ221YN0,1,Fake,DFD,train
/kaggle/input/datasets/sanikatiwarekar/deep-fake-detection-dfd-entire-original-dataset/DFD_manipulated_sequences/DFD_manipulated_sequences/28_05__exit_phone_room__U9LRLJ6N.mp4,28_05__exit_phone_room__U9LRLJ6N,1,Fake,DFD,train
/kaggle/input/datasets/sanikatiwarekar/deep-fake-detection-dfd-entire-original-dataset/DFD_manipulated_sequences/DFD_manipulated_sequences/02_01__talking_against_wall__YVGY8LOK.mp4,02_01__talking_against_wall__YVGY8LOK,1,Fake,DFD,train
/kaggle/input/datasets/sanikatiwarekar/deep-fake-detection-dfd-entire-original-dataset/DFD_manipulated_sequences/DFD_manipulated_sequences/06_03__hugging_happy__4I8LRXWF.mp4,06_03__hugging_happy__4I8LRXWF,1,Fake,DFD,train
/kaggle/input/datasets/sanikatiwarekar/deep-fake-detection-dfd-entire-original-dataset/DFD_original sequences/12__hugging_happy.mp4,12__hugging_happy,0,Real,DFD,train
/kaggle/input/datasets/sanikatiwarekar/deep-fake-detection-dfd-entire-original-dataset/DFD_original sequences/25__walk_down_hall_angry.mp4,25__walk_down_hall_angry,0,Real,DFD,train
/kaggle/input/datasets/sanikatiwarekar/deep-fake-detection-dfd-entire-original-dataset/DFD_original sequences/17__walking_down_indoor_hall_disgust.mp4,17__walking_down_indoor_hall_disgust,0,Real,DFD,train
/kaggle/input/datasets/sanikatiwarekar/deep-fake-detection-dfd-entire-original-dataset/DFD_original sequences/17__hugging_happy.mp4,17__hugging_happy,0,Real,DFD,train
/kaggle/input/datasets/sanikatiwarekar/deep-fake-detection-dfd-entire-original-dataset/DFD_manipulated_sequences/DFD_manipulated_sequences/23_24__kitchen_still__MDSDXSNU.mp4,23_24__kitchen_still__MDSDXSNU,1,Fake,DFD,train
/kaggle/input/datasets/sanikatiwarekar/deep-fake-detection-dfd-entire-original-dataset/DFD_original sequences/15__talking_against_wall.mp4,15__talking_against_wall,0,Real,DFD,train
/kaggle/input/datasets/sanikatiwarekar/deep-fake-detection-dfd-entire-original-dataset/DFD_manipulated_sequences/DFD_manipulated_sequences/26_18__kitchen_pan__C9VUQS9O.mp4,26_18__kitchen_pan__C9VUQS9O,1,Fake,DFD,train
/kaggle/input/datasets/sanikatiwarekar/deep-fake-detection-dfd-entire-original-dataset/DFD_manipulated_sequences/DFD_manipulated_sequences/13_07__walking_down_street_outside_angry__RVQCPCJF.mp4,13_07__walking_down_street_outside_angry__RVQCPCJF,1,Fake,DFD,train
/kaggle/input/datasets/sanikatiwarekar/deep-fake-detection-dfd-entire-original-dataset/DFD_manipulated_sequences/DFD_manipulated_sequences/10_19__walking_down_street_outside_angry__IDX76N5R.mp4,10_19__walking_down_street_outside_angry__IDX76N5R,1,Fake,DFD,train
/kaggle/input/datasets/sanikatiwarekar/deep-fake-detection-dfd-entire-original-dataset/DFD_original sequences/19__walk_down_hall_angry.mp4,19__walk_down_hall_angry,0,Real,DFD,train
/kaggle/input/datasets/sanikatiwarekar/deep-fake-detection-dfd-entire-original-dataset/DFD_manipulated_sequences/DFD_manipulated_sequences/01_15__kitchen_pan__02HILKYO.mp4,01_15__kitchen_pan__02HILKYO,1,Fake,DFD,train
/kaggle/input/datasets/sanikatiwarekar/deep-fake-detection-dfd-entire-original-dataset/DFD_manipulated_sequences/DFD_manipulated_sequences/26_13__podium_speech_happy__U5ELHUN5.mp4,26_13__podium_speech_happy__U5ELHUN5,1,Fake,DFD,train
/kaggle/input/datasets/sanikatiwarekar/deep-fake-detection-dfd-entire-original-dataset/DFD_manipulated_sequences/DFD_manipulated_sequences/14_07__hugging_happy__P9QFO50U.mp4,14_07__hugging_happy__P9QFO50U,1,Fake,DFD,train
/kaggle/input/datasets/sanikatiwarekar/deep-fake-detection-dfd-entire-original-dataset/DFD_original sequences/02__exit_phone_room.mp4,02__exit_phone_room,0,Real,DFD,train
/kaggle/input/datasets/sanikatiwarekar/deep-fake-detection-dfd-entire-original-dataset/DFD_manipulated_sequences/DFD_manipulated_sequences/03_11__outside_talking_still_laughing__P08VGHTA.mp4,03_11__outside_talking_still_laughing__P08VGHTA,1,Fake,DFD,train
/kaggle/input/datasets/sanikatiwarekar/deep-fake-detection-dfd-entire-original-dataset/DFD_original sequences/05__kitchen_pan.mp4,05__kitchen_pan,0,Real,DFD,train
/kaggle/input/datasets/sanikatiwarekar/deep-fake-detection-dfd-entire-original-dataset/DFD_original sequences/26__outside_talking_pan_laughing.mp4,26__outside_talking_pan_laughing,0,Real,DFD,train
/kaggle/input/datasets/sanikatiwarekar/deep-fake-detection-dfd-entire-original-dataset/DFD_original sequences/17__exit_phone_room.mp4,17__exit_phone_room,0,Real,DFD,train
/kaggle/input/datasets/sanikatiwarekar/deep-fake-detection-dfd-entire-original-dataset/DFD_manipulated_sequences/DFD_manipulated_sequences/01_09__secret_conversation__SJZRV69J.mp4,01_09__secret_conversation__SJZRV69J,1,Fake,DFD,train
/kaggle/input/datasets/sanikatiwarekar/deep-fake-detection-dfd-entire-original-dataset/DFD_original sequences/13__kitchen_pan.mp4,13__kitchen_pan,0,Real,DFD,train
/kaggle/input/datasets/sanikatiwarekar/deep-fake-detection-dfd-entire-original-dataset/DFD_original sequences/23__walk_down_hall_angry.mp4,23__walk_down_hall_angry,0,Real,DFD,train
/kaggle/input/datasets/sanikatiwarekar/deep-fake-detection-dfd-entire-original-dataset/DFD_manipulated_sequences/DFD_manipulated_sequences/12_15__walking_down_indoor_hall_disgust__RK17XFJ9.mp4,12_15__walking_down_indoor_hall_disgust__RK17XFJ9,1,Fake,DFD,train
/kaggle/input/datasets/sanikatiwarekar/deep-fake-detection-dfd-entire-original-dataset/DFD_original sequences/10__talking_angry_couch.mp4,10__talking_angry_couch,0,Real,DFD,train
/kaggle/input/datasets/sanikatiwarekar/deep-fake-detection-dfd-entire-original-dataset/DFD_manipulated_sequences/DFD_manipulated_sequences/02_07__hugging_happy__O4SXNLRL.mp4,02_07__hugging_happy__O4SXNLRL,1,Fake,DFD,train
/kaggle/input/datasets/sanikatiwarekar/deep-fake-detection-dfd-entire-original-dataset/DFD_original sequences/27__hugging_happy.mp4,27__hugging_happy,0,Real,DFD,train
/kaggle/input/datasets/sanikatiwarekar/deep-fake-detection-dfd-entire-original-dataset/DFD_manipulated_sequences/DFD_manipulated_sequences/22_19__walking_outside_cafe_disgusted__VK6BF5NV.mp4,22_19__walking_outside_cafe_disgusted__VK6BF5NV,1,Fake,DFD,train
/kaggle/input/datasets/sanikatiwarekar/deep-fake-detection-dfd-entire-original-dataset/DFD_original sequences/25__outside_talking_pan_laughing.mp4,25__outside_talking_pan_laughing,0,Real,DFD,train
/kaggle/input/datasets/sanikatiwarekar/deep-fake-detection-dfd-entire-original-dataset/DFD_manipulated_sequences/DFD_manipulated_sequences/24_22__talking_against_wall__XL557XC6.mp4,24_22__talking_against_wall__XL557XC6,1,Fake,DFD,train
/kaggle/input/datasets/sanikatiwarekar/deep-fake-detection-dfd-entire-original-dataset/DFD_original sequences/04__walk_down_hall_angry.mp4,04__walk_down_hall_angry,0,Real,DFD,train
/kaggle/input/datasets/sanikatiwarekar/deep-fake-detection-dfd-entire-original-dataset/DFD_original sequences/14__walking_down_indoor_hall_disgust.mp4,14__walking_down_indoor_hall_disgust,0,Real,DFD,train
/kaggle/input/datasets/sanikatiwarekar/deep-fake-detection-dfd-entire-original-dataset/DFD_manipulated_sequences/DFD_manipulated_sequences/03_14__meeting_serious__PLCQJM81.mp4,03_14__meeting_serious__PLCQJM81,1,Fake,DFD,train
/kaggle/input/datasets/sanikatiwarekar/deep-fake-detection-dfd-entire-original-dataset/DFD_manipulated_sequences/DFD_manipulated_sequences/15_02__outside_talking_still_laughing__P2FAY3DR.mp4,15_02__outside_talking_still_laughing__P2FAY3DR,1,Fake,DFD,train
/kaggle/input/datasets/sanikatiwarekar/deep-fake-detection-dfd-entire-original-dataset/DFD_manipulated_sequences/DFD_manipulated_sequences/10_22__walking_down_street_outside_angry__8YQ2EUQP.mp4,10_22__walking_down_street_outside_angry__8YQ2EUQP,1,Fake,DFD,train
/kaggle/input/datasets/sanikatiwarekar/deep-fake-detection-dfd-entire-original-dataset/DFD_manipulated_sequences/DFD_manipulated_sequences/12_25__walking_down_indoor_hall_disgust__FQE07ND1.mp4,12_25__walking_down_indoor_hall_disgust__FQE07ND1,1,Fake,DFD,train
/kaggle/input/datasets/sanikatiwarekar/deep-fake-detection-dfd-entire-original-dataset/DFD_manipulated_sequences/DFD_manipulated_sequences/02_07__outside_talking_pan_laughing__34PVT42V.mp4,02_07__outside_talking_pan_laughing__34PVT42V,1,Fake,DFD,train
/kaggle/input/datasets/sanikatiwarekar/deep-fake-detection-dfd-entire-original-dataset/DFD_original sequences/02__walking_down_indoor_hall_disgust.mp4,02__walking_down_indoor_hall_disgust,0,Real,DFD,train
/kaggle/input/datasets/sanikatiwarekar/deep-fake-detection-dfd-entire-original-dataset/DFD_original sequences/02__kitchen_still.mp4,02__kitchen_still,0,Real,DFD,train
/kaggle/input/datasets/sanikatiwarekar/deep-fake-detection-dfd-entire-original-dataset/DFD_original sequences/25__outside_talking_still_laughing.mp4,25__outside_talking_still_laughing,0,Real,DFD,train
/kaggle/input/datasets/sanikatiwarekar/deep-fake-detection-dfd-entire-original-dataset/DFD_manipulated_sequences/DFD_manipulated_sequences/02_01__walking_outside_cafe_disgusted__YVGY8LOK.mp4,02_01__walking_outside_cafe_disgusted__YVGY8LOK,1,Fake,DFD,train
/kaggle/input/datasets/sanikatiwarekar/deep-fake-detection-dfd-entire-original-dataset/DFD_original sequences/19__walking_outside_cafe_disgusted.mp4,19__walking_outside_cafe_disgusted,0,Real,DFD,train
/kaggle/input/datasets/sanikatiwarekar/deep-fake-detection-dfd-entire-original-dataset/DFD_manipulated_sequences/DFD_manipulated_sequences/12_25__podium_speech_happy__G26LG5N7.mp4,12_25__podium_speech_happy__G26LG5N7,1,Fake,DFD,train
/kaggle/input/datasets/sanikatiwarekar/deep-fake-detection-dfd-entire-original-dataset/DFD_original sequences/02__podium_speech_happy.mp4,02__podium_speech_happy,0,Real,DFD,train
/kaggle/input/datasets/sanikatiwarekar/deep-fake-detection-dfd-entire-original-dataset/DFD_manipulated_sequences/DFD_manipulated_sequences/23_10__exit_phone_room__W4BDINQ5.mp4,23_10__exit_phone_room__W4BDINQ5,1,Fake,DFD,train
/kaggle/input/datasets/sanikatiwarekar/deep-fake-detection-dfd-entire-original-dataset/DFD_manipulated_sequences/DFD_manipulated_sequences/25_20__outside_talking_still_laughing__M86GQTHK.mp4,25_20__outside_talking_still_laughing__M86GQTHK,1,Fake,DFD,train
/kaggle/input/datasets/sanikatiwarekar/deep-fake-detection-dfd-entire-original-dataset/DFD_manipulated_sequences/DFD_manipulated_sequences/15_02__talking_against_wall__MZWH8ATN.mp4,15_02__talking_against_wall__MZWH8ATN,1,Fake,DFD,train
/kaggle/input/datasets/sanikatiwarekar/deep-fake-detection-dfd-entire-original-dataset/DFD_manipulated_sequences/DFD_manipulated_sequences/02_18__walking_and_outside_surprised__B95S4G6F.mp4,02_18__walking_and_outside_surprised__B95S4G6F,1,Fake,DFD,train
/kaggle/input/datasets/sanikatiwarekar/deep-fake-detection-dfd-entire-original-dataset/DFD_manipulated_sequences/DFD_manipulated_sequences/03_21__talking_against_wall__YCSEBZO4.mp4,03_21__talking_against_wall__YCSEBZO4,1,Fake,DFD,train
/kaggle/input/datasets/sanikatiwarekar/deep-fake-detection-dfd-entire-original-dataset/DFD_manipulated_sequences/DFD_manipulated_sequences/14_21__talking_angry_couch__IRKML4J0.mp4,14_21__talking_angry_couch__IRKML4J0,1,Fake,DFD,train
/kaggle/input/datasets/sanikatiwarekar/deep-fake-detection-dfd-entire-original-dataset/DFD_original sequences/24__talking_against_wall.mp4,24__talking_against_wall,0,Real,DFD,train
/kaggle/input/datasets/sanikatiwarekar/deep-fake-detection-dfd-entire-original-dataset/DFD_original sequences/17__walking_down_street_outside_angry.mp4,17__walking_down_street_outside_angry,0,Real,DFD,train
/kaggle/input/datasets/sanikatiwarekar/deep-fake-detection-dfd-entire-original-dataset/DFD_manipulated_sequences/DFD_manipulated_sequences/01_12__outside_talking_still_laughing__TNI7KUZ6.mp4,01_12__outside_talking_still_laughing__TNI7KUZ6,1,Fake,DFD,train
/kaggle/input/datasets/sanikatiwarekar/deep-fake-detection-dfd-entire-original-dataset/DFD_original sequences/07__hugging_happy.mp4,07__hugging_happy,0,Real,DFD,train
/kaggle/input/datasets/sanikatiwarekar/deep-fake-detection-dfd-entire-original-dataset/DFD_manipulated_sequences/DFD_manipulated_sequences/13_02__kitchen_pan__2YSYT2N3.mp4,13_02__kitchen_pan__2YSYT2N3,1,Fake,DFD,train
/kaggle/input/datasets/sanikatiwarekar/deep-fake-detection-dfd-entire-original-dataset/DFD_original sequences/13__walk_down_hall_angry.mp4,13__walk_down_hall_angry,0,Real,DFD,train
/kaggle/input/datasets/sanikatiwarekar/deep-fake-detection-dfd-entire-original-dataset/DFD_original sequences/07__talking_angry_couch.mp4,07__talking_angry_couch,0,Real,DFD,train
/kaggle/input/datasets/sanikatiwarekar/deep-fake-detection-dfd-entire-original-dataset/DFD_original sequences/27__exit_phone_room.mp4,27__exit_phone_room,0,Real,DFD,train
/kaggle/input/datasets/sanikatiwarekar/deep-fake-detection-dfd-entire-original-dataset/DFD_manipulated_sequences/DFD_manipulated_sequences/09_13__outside_talking_pan_laughing__LPT427RY.mp4,09_13__outside_talking_pan_laughing__LPT427RY,1,Fake,DFD,train
/kaggle/input/datasets/sanikatiwarekar/deep-fake-detection-dfd-entire-original-dataset/DFD_manipulated_sequences/DFD_manipulated_sequences/02_09__kitchen_pan__6KUOFMZW.mp4,02_09__kitchen_pan__6KUOFMZW,1,Fake,DFD,train
/kaggle/input/datasets/sanikatiwarekar/deep-fake-detection-dfd-entire-original-dataset/DFD_original sequences/16__walking_outside_cafe_disgusted.mp4,16__walking_outside_cafe_disgusted,0,Real,DFD,train
/kaggle/input/datasets/sanikatiwarekar/deep-fake-detection-dfd-entire-original-dataset/DFD_manipulated_sequences/DFD_manipulated_sequences/27_06__walk_down_hall_angry__S3T7SK9O.mp4,27_06__walk_down_hall_angry__S3T7SK9O,1,Fake,DFD,train
/kaggle/input/datasets/sanikatiwarekar/deep-fake-detection-dfd-entire-original-dataset/DFD_original sequences/03__meeting_serious.mp4,03__meeting_serious,0,Real,DFD,train
/kaggle/input/datasets/sanikatiwarekar/deep-fake-detection-dfd-entire-original-dataset/DFD_manipulated_sequences/DFD_manipulated_sequences/17_08__podium_speech_happy__JZYRLJ8T.mp4,17_08__podium_speech_happy__JZYRLJ8T,1,Fake,DFD,train
/kaggle/input/datasets/sanikatiwarekar/deep-fake-detection-dfd-entire-original-dataset/DFD_original sequences/18__talking_against_wall.mp4,18__talking_against_wall,0,Real,DFD,train
/kaggle/input/datasets/sanikatiwarekar/deep-fake-detection-dfd-entire-original-dataset/DFD_original sequences/02__kitchen_pan.mp4,02__kitchen_pan,0,Real,DFD,train
/kaggle/input/datasets/sanikatiwarekar/deep-fake-detection-dfd-entire-original-dataset/DFD_manipulated_sequences/DFD_manipulated_sequences/20_06__walk_down_hall_angry__6SUW7063.mp4,20_06__walk_down_hall_angry__6SUW7063,1,Fake,DFD,train
/kaggle/input/datasets/sanikatiwarekar/deep-fake-detection-dfd-entire-original-dataset/DFD_original sequences/08__kitchen_still.mp4,08__kitchen_still,0,Real,DFD,train
/kaggle/input/datasets/sanikatiwarekar/deep-fake-detection-dfd-entire-original-dataset/DFD_manipulated_sequences/DFD_manipulated_sequences/18_26__kitchen_still__C9VUQS9O.mp4,18_26__kitchen_still__C9VUQS9O,1,Fake,DFD,train
/kaggle/input/datasets/sanikatiwarekar/deep-fake-detection-dfd-entire-original-dataset/DFD_original sequences/07__outside_talking_pan_laughing.mp4,07__outside_talking_pan_laughing,0,Real,DFD,train
/kaggle/input/datasets/sanikatiwarekar/deep-fake-detection-dfd-entire-original-dataset/DFD_original sequences/25__walking_outside_cafe_disgusted.mp4,25__walking_outside_cafe_disgusted,0,Real,DFD,train
/kaggle/input/datasets/sanikatiwarekar/deep-fake-detection-dfd-entire-original-dataset/DFD_original sequences/03__talking_angry_couch.mp4,03__talking_angry_couch,0,Real,DFD,train
/kaggle/input/datasets/sanikatiwarekar/deep-fake-detection-dfd-entire-original-dataset/DFD_manipulated_sequences/DFD_manipulated_sequences/03_11__walking_outside_cafe_disgusted__P08VGHTA.mp4,03_11__walking_outside_cafe_disgusted__P08VGHTA,1,Fake,DFD,train
/kaggle/input/datasets/sanikatiwarekar/deep-fake-detection-dfd-entire-original-dataset/DFD_original sequences/08__podium_speech_happy.mp4,08__podium_speech_happy,0,Real,DFD,train
/kaggle/input/datasets/sanikatiwarekar/deep-fake-detection-dfd-entire-original-dataset/DFD_manipulated_sequences/DFD_manipulated_sequences/26_09__outside_talking_still_laughing__QSE5A0GF.mp4,26_09__outside_talking_still_laughing__QSE5A0GF,1,Fake,DFD,train
/kaggle/input/datasets/sanikatiwarekar/deep-fake-detection-dfd-entire-original-dataset/DFD_original sequences/20__exit_phone_room.mp4,20__exit_phone_room,0,Real,DFD,train
/kaggle/input/datasets/sanikatiwarekar/deep-fake-detection-dfd-entire-original-dataset/DFD_original sequences/05__podium_speech_happy.mp4,05__podium_speech_happy,0,Real,DFD,train
/kaggle/input/datasets/sanikatiwarekar/deep-fake-detection-dfd-entire-original-dataset/DFD_original sequences/14__walking_outside_cafe_disgusted.mp4,14__walking_outside_cafe_disgusted,0,Real,DFD,train
/kaggle/input/datasets/sanikatiwarekar/deep-fake-detection-dfd-entire-original-dataset/DFD_original sequences/13__outside_talking_pan_laughing.mp4,13__outside_talking_pan_laughing,0,Real,DFD,train
/kaggle/input/datasets/sanikatiwarekar/deep-fake-detection-dfd-entire-original-dataset/DFD_manipulated_sequences/DFD_manipulated_sequences/02_01__exit_phone_room__YVGY8LOK.mp4,02_01__exit_phone_room__YVGY8LOK,1,Fake,DFD,train
/kaggle/input/datasets/sanikatiwarekar/deep-fake-detection-dfd-entire-original-dataset/DFD_manipulated_sequences/DFD_manipulated_sequences/12_15__secret_conversation__RK17XFJ9.mp4,12_15__secret_conversation__RK17XFJ9,1,Fake,DFD,train
/kaggle/input/datasets/sanikatiwarekar/deep-fake-detection-dfd-entire-original-dataset/DFD_manipulated_sequences/DFD_manipulated_sequences/20_11__kitchen_still__GNK9UR8K.mp4,20_11__kitchen_still__GNK9UR8K,1,Fake,DFD,train
/kaggle/input/datasets/sanikatiwarekar/deep-fake-detection-dfd-entire-original-dataset/DFD_original sequences/26__walking_down_street_outside_angry.mp4,26__walking_down_street_outside_angry,0,Real,DFD,train
/kaggle/input/datasets/sanikatiwarekar/deep-fake-detection-dfd-entire-original-dataset/DFD_manipulated_sequences/DFD_manipulated_sequences/27_02__podium_speech_happy__FV8M8O2C.mp4,27_02__podium_speech_happy__FV8M8O2C,1,Fake,DFD,train
/kaggle/input/datasets/sanikatiwarekar/deep-fake-detection-dfd-entire-original-dataset/DFD_manipulated_sequences/DFD_manipulated_sequences/02_25__talking_against_wall__Z7FQ69VP.mp4,02_25__talking_against_wall__Z7FQ69VP,1,Fake,DFD,train
/kaggle/input/datasets/sanikatiwarekar/deep-fake-detection-dfd-entire-original-dataset/DFD_original sequences/13__podium_speech_happy.mp4,13__podium_speech_happy,0,Real,DFD,train
/kaggle/input/datasets/sanikatiwarekar/deep-fake-detection-dfd-entire-original-dataset/DFD_manipulated_sequences/DFD_manipulated_sequences/02_07__meeting_serious__1JCLEEBQ.mp4,02_07__meeting_serious__1JCLEEBQ,1,Fake,DFD,train
/kaggle/input/datasets/sanikatiwarekar/deep-fake-detection-dfd-entire-original-dataset/DFD_manipulated_sequences/DFD_manipulated_sequences/03_07__podium_speech_happy__IFSURI9X.mp4,03_07__podium_speech_happy__IFSURI9X,1,Fake,DFD,train
/kaggle/input/datasets/sanikatiwarekar/deep-fake-detection-dfd-entire-original-dataset/DFD_original sequences/26__exit_phone_room.mp4,26__exit_phone_room,0,Real,DFD,train
/kaggle/input/datasets/sanikatiwarekar/deep-fake-detection-dfd-entire-original-dataset/DFD_original sequences/21__talking_against_wall.mp4,21__talking_against_wall,0,Real,DFD,train
/kaggle/input/datasets/sanikatiwarekar/deep-fake-detection-dfd-entire-original-dataset/DFD_manipulated_sequences/DFD_manipulated_sequences/09_02__podium_speech_happy__9TDCEK1Q.mp4,09_02__podium_speech_happy__9TDCEK1Q,1,Fake,DFD,train
/kaggle/input/datasets/sanikatiwarekar/deep-fake-detection-dfd-entire-original-dataset/DFD_original sequences/22__talking_against_wall.mp4,22__talking_against_wall,0,Real,DFD,train
/kaggle/input/datasets/sanikatiwarekar/deep-fake-detection-dfd-entire-original-dataset/DFD_original sequences/24__podium_speech_happy.mp4,24__podium_speech_happy,0,Real,DFD,train
/kaggle/input/datasets/sanikatiwarekar/deep-fake-detection-dfd-entire-original-dataset/DFD_manipulated_sequences/DFD_manipulated_sequences/19_23__secret_conversation__H4SUVFTL.mp4,19_23__secret_conversation__H4SUVFTL,1,Fake,DFD,train
/kaggle/input/datasets/sanikatiwarekar/deep-fake-detection-dfd-entire-original-dataset/DFD_manipulated_sequences/DFD_manipulated_sequences/07_03__walking_down_street_outside_angry__CDSNLDQ8.mp4,07_03__walking_down_street_outside_angry__CDSNLDQ8,1,Fake,DFD,train
/kaggle/input/datasets/sanikatiwarekar/deep-fake-detection-dfd-entire-original-dataset/DFD_manipulated_sequences/DFD_manipulated_sequences/25_09__walking_outside_cafe_disgusted__ODAQ7BZL.mp4,25_09__walking_outside_cafe_disgusted__ODAQ7BZL,1,Fake,DFD,train
/kaggle/input/datasets/sanikatiwarekar/deep-fake-detection-dfd-entire-original-dataset/DFD_manipulated_sequences/DFD_manipulated_sequences/19_24__outside_talking_pan_laughing__OF8LF68K.mp4,19_24__outside_talking_pan_laughing__OF8LF68K,1,Fake,DFD,train
/kaggle/input/datasets/sanikatiwarekar/deep-fake-detection-dfd-entire-original-dataset/DFD_original sequences/03__exit_phone_room.mp4,03__exit_phone_room,0,Real,DFD,train
/kaggle/input/datasets/sanikatiwarekar/deep-fake-detection-dfd-entire-original-dataset/DFD_manipulated_sequences/DFD_manipulated_sequences/25_21__walking_down_street_outside_angry__2R46UX3R.mp4,25_21__walking_down_street_outside_angry__2R46UX3R,1,Fake,DFD,train
/kaggle/input/datasets/sanikatiwarekar/deep-fake-detection-dfd-entire-original-dataset/DFD_original sequences/27__outside_talking_pan_laughing.mp4,27__outside_talking_pan_laughing,0,Real,DFD,train
/kaggle/input/datasets/sanikatiwarekar/deep-fake-detection-dfd-entire-original-dataset/DFD_manipulated_sequences/DFD_manipulated_sequences/05_16__walking_down_street_outside_angry__OSXCUOHX.mp4,05_16__walking_down_street_outside_angry__OSXCUOHX,1,Fake,DFD,train
/kaggle/input/datasets/sanikatiwarekar/deep-fake-detection-dfd-entire-original-dataset/DFD_original sequences/04__outside_talking_pan_laughing.mp4,04__outside_talking_pan_laughing,0,Real,DFD,train
/kaggle/input/datasets/sanikatiwarekar/deep-fake-detection-dfd-entire-original-dataset/DFD_manipulated_sequences/DFD_manipulated_sequences/03_26__talking_against_wall__WBSXBL82.mp4,03_26__talking_against_wall__WBSXBL82,1,Fake,DFD,train
/kaggle/input/datasets/sanikatiwarekar/deep-fake-detection-dfd-entire-original-dataset/DFD_original sequences/24__kitchen_pan.mp4,24__kitchen_pan,0,Real,DFD,train
/kaggle/input/datasets/sanikatiwarekar/deep-fake-detection-dfd-entire-original-dataset/DFD_original sequences/10__walking_down_street_outside_angry.mp4,10__walking_down_street_outside_angry,0,Real,DFD,train
/kaggle/input/datasets/sanikatiwarekar/deep-fake-detection-dfd-entire-original-dataset/DFD_manipulated_sequences/DFD_manipulated_sequences/03_15__kitchen_pan__DNUJD8M2.mp4,03_15__kitchen_pan__DNUJD8M2,1,Fake,DFD,train
/kaggle/input/datasets/sanikatiwarekar/deep-fake-detection-dfd-entire-original-dataset/DFD_manipulated_sequences/DFD_manipulated_sequences/02_14__outside_talking_pan_laughing__3IUBEKCT.mp4,02_14__outside_talking_pan_laughing__3IUBEKCT,1,Fake,DFD,train
/kaggle/input/datasets/sanikatiwarekar/deep-fake-detection-dfd-entire-original-dataset/DFD_manipulated_sequences/DFD_manipulated_sequences/03_14__kitchen_pan__38OVCK3X.mp4,03_14__kitchen_pan__38OVCK3X,1,Fake,DFD,train
/kaggle/input/datasets/sanikatiwarekar/deep-fake-detection-dfd-entire-original-dataset/DFD_original sequences/20__walking_and_outside_surprised.mp4,20__walking_and_outside_surprised,0,Real,DFD,train
/kaggle/input/datasets/sanikatiwarekar/deep-fake-detection-dfd-entire-original-dataset/DFD_original sequences/26__talking_against_wall.mp4,26__talking_against_wall,0,Real,DFD,train
/kaggle/input/datasets/sanikatiwarekar/deep-fake-detection-dfd-entire-original-dataset/DFD_original sequences/18__walking_down_street_outside_angry.mp4,18__walking_down_street_outside_angry,0,Real,DFD,train
/kaggle/input/datasets/sanikatiwarekar/deep-fake-detection-dfd-entire-original-dataset/DFD_manipulated_sequences/DFD_manipulated_sequences/02_15__talking_against_wall__P2FAY3DR.mp4,02_15__talking_against_wall__P2FAY3DR,1,Fake,DFD,train
/kaggle/input/datasets/sanikatiwarekar/deep-fake-detection-dfd-entire-original-dataset/DFD_original sequences/16__outside_talking_pan_laughing.mp4,16__outside_talking_pan_laughing,0,Real,DFD,train
/kaggle/input/datasets/sanikatiwarekar/deep-fake-detection-dfd-entire-original-dataset/DFD_manipulated_sequences/DFD_manipulated_sequences/26_11__walking_outside_cafe_disgusted__ALJ0OHNM.mp4,26_11__walking_outside_cafe_disgusted__ALJ0OHNM,1,Fake,DFD,train
/kaggle/input/datasets/sanikatiwarekar/deep-fake-detection-dfd-entire-original-dataset/DFD_original sequences/01__talking_against_wall.mp4,01__talking_against_wall,0,Real,DFD,train
/kaggle/input/datasets/sanikatiwarekar/deep-fake-detection-dfd-entire-original-dataset/DFD_original sequences/11__walking_outside_cafe_disgusted.mp4,11__walking_outside_cafe_disgusted,0,Real,DFD,train
/kaggle/input/datasets/sanikatiwarekar/deep-fake-detection-dfd-entire-original-dataset/DFD_manipulated_sequences/DFD_manipulated_sequences/26_03__talking_against_wall__WBSXBL82.mp4,26_03__talking_against_wall__WBSXBL82,1,Fake,DFD,train
/kaggle/input/datasets/sanikatiwarekar/deep-fake-detection-dfd-entire-original-dataset/DFD_original sequences/12__walking_down_indoor_hall_disgust.mp4,12__walking_down_indoor_hall_disgust,0,Real,DFD,train
/kaggle/input/datasets/sanikatiwarekar/deep-fake-detection-dfd-entire-original-dataset/DFD_original sequences/21__walking_down_street_outside_angry.mp4,21__walking_down_street_outside_angry,0,Real,DFD,train
/kaggle/input/datasets/sanikatiwarekar/deep-fake-detection-dfd-entire-original-dataset/DFD_original sequences/02__talking_against_wall.mp4,02__talking_against_wall,0,Real,DFD,train
/kaggle/input/datasets/sanikatiwarekar/deep-fake-detection-dfd-entire-original-dataset/DFD_manipulated_sequences/DFD_manipulated_sequences/14_03__walking_outside_cafe_disgusted__PLCQJM81.mp4,14_03__walking_outside_cafe_disgusted__PLCQJM81,1,Fake,DFD,train
/kaggle/input/datasets/sanikatiwarekar/deep-fake-detection-dfd-entire-original-dataset/DFD_manipulated_sequences/DFD_manipulated_sequences/08_17__kitchen_still__ZCEYWYTC.mp4,08_17__kitchen_still__ZCEYWYTC,1,Fake,DFD,train
/kaggle/input/datasets/sanikatiwarekar/deep-fake-detection-dfd-entire-original-dataset/DFD_original sequences/08__exit_phone_room.mp4,08__exit_phone_room,0,Real,DFD,train
/kaggle/input/datasets/sanikatiwarekar/deep-fake-detection-dfd-entire-original-dataset/DFD_original sequences/16__walk_down_hall_angry.mp4,16__walk_down_hall_angry,0,Real,DFD,train
/kaggle/input/datasets/sanikatiwarekar/deep-fake-detection-dfd-entire-original-dataset/DFD_original sequences/11__podium_speech_happy.mp4,11__podium_speech_happy,0,Real,DFD,train
/kaggle/input/datasets/sanikatiwarekar/deep-fake-detection-dfd-entire-original-dataset/DFD_manipulated_sequences/DFD_manipulated_sequences/01_11__hugging_happy__5OVT6C66.mp4,01_11__hugging_happy__5OVT6C66,1,Fake,DFD,train
/kaggle/input/datasets/sanikatiwarekar/deep-fake-detection-dfd-entire-original-dataset/DFD_manipulated_sequences/DFD_manipulated_sequences/15_03__walking_and_outside_surprised__DG8ITQO3.mp4,15_03__walking_and_outside_surprised__DG8ITQO3,1,Fake,DFD,train
/kaggle/input/datasets/sanikatiwarekar/deep-fake-detection-dfd-entire-original-dataset/DFD_manipulated_sequences/DFD_manipulated_sequences/14_01__kitchen_pan__0S0NS5C6.mp4,14_01__kitchen_pan__0S0NS5C6,1,Fake,DFD,train
/kaggle/input/datasets/sanikatiwarekar/deep-fake-detection-dfd-entire-original-dataset/DFD_original sequences/06__walking_and_outside_surprised.mp4,06__walking_and_outside_surprised,0,Real,DFD,train
/kaggle/input/datasets/sanikatiwarekar/deep-fake-detection-dfd-entire-original-dataset/DFD_original sequences/15__walk_down_hall_angry.mp4,15__walk_down_hall_angry,0,Real,DFD,train
/kaggle/input/datasets/sanikatiwarekar/deep-fake-detection-dfd-entire-original-dataset/DFD_manipulated_sequences/DFD_manipulated_sequences/01_04__exit_phone_room__0XUW13RW.mp4,01_04__exit_phone_room__0XUW13RW,1,Fake,DFD,train
/kaggle/input/datasets/sanikatiwarekar/deep-fake-detection-dfd-entire-original-dataset/DFD_original sequences/16__exit_phone_room.mp4,16__exit_phone_room,0,Real,DFD,train
/kaggle/input/datasets/sanikatiwarekar/deep-fake-detection-dfd-entire-original-dataset/DFD_manipulated_sequences/DFD_manipulated_sequences/14_07__walking_down_indoor_hall_disgust__P9QFO50U.mp4,14_07__walking_down_indoor_hall_disgust__P9QFO50U,1,Fake,DFD,train
/kaggle/input/datasets/sanikatiwarekar/deep-fake-detection-dfd-entire-original-dataset/DFD_original sequences/09__walk_down_hall_angry.mp4,09__walk_down_hall_angry,0,Real,DFD,train
/kaggle/input/datasets/sanikatiwarekar/deep-fake-detection-dfd-entire-original-dataset/DFD_original sequences/03__walking_and_outside_surprised.mp4,03__walking_and_outside_surprised,0,Real,DFD,train
/kaggle/input/datasets/sanikatiwarekar/deep-fake-detection-dfd-entire-original-dataset/DFD_manipulated_sequences/DFD_manipulated_sequences/10_19__talking_angry_couch__QNZIMEJH.mp4,10_19__talking_angry_couch__QNZIMEJH,1,Fake,DFD,train
/kaggle/input/datasets/sanikatiwarekar/deep-fake-detection-dfd-entire-original-dataset/DFD_manipulated_sequences/DFD_manipulated_sequences/13_11__outside_talking_still_laughing__XXKQ4XM0.mp4,13_11__outside_talking_still_laughing__XXKQ4XM0,1,Fake,DFD,train
/kaggle/input/datasets/sanikatiwarekar/deep-fake-detection-dfd-entire-original-dataset/DFD_original sequences/10__walking_outside_cafe_disgusted.mp4,10__walking_outside_cafe_disgusted,0,Real,DFD,train
/kaggle/input/datasets/sanikatiwarekar/deep-fake-detection-dfd-entire-original-dataset/DFD_original sequences/06__kitchen_still.mp4,06__kitchen_still,0,Real,DFD,train
/kaggle/input/datasets/sanikatiwarekar/deep-fake-detection-dfd-entire-original-dataset/DFD_original sequences/14__podium_speech_happy.mp4,14__podium_speech_happy,0,Real,DFD,train
/kaggle/input/datasets/sanikatiwarekar/deep-fake-detection-dfd-entire-original-dataset/DFD_manipulated_sequences/DFD_manipulated_sequences/15_02__talking_against_wall__HTG660F8.mp4,15_02__talking_against_wall__HTG660F8,1,Fake,DFD,train
/kaggle/input/datasets/sanikatiwarekar/deep-fake-detection-dfd-entire-original-dataset/DFD_original sequences/06__outside_talking_pan_laughing.mp4,06__outside_talking_pan_laughing,0,Real,DFD,train
/kaggle/input/datasets/sanikatiwarekar/deep-fake-detection-dfd-entire-original-dataset/DFD_manipulated_sequences/DFD_manipulated_sequences/03_26__kitchen_still__WBSXBL82.mp4,03_26__kitchen_still__WBSXBL82,1,Fake,DFD,train
/kaggle/input/datasets/sanikatiwarekar/deep-fake-detection-dfd-entire-original-dataset/DFD_manipulated_sequences/DFD_manipulated_sequences/04_01__walking_down_street_outside_angry__0XUW13RW.mp4,04_01__walking_down_street_outside_angry__0XUW13RW,1,Fake,DFD,train
/kaggle/input/datasets/sanikatiwarekar/deep-fake-detection-dfd-entire-original-dataset/DFD_original sequences/10__walk_down_hall_angry.mp4,10__walk_down_hall_angry,0,Real,DFD,train
/kaggle/input/datasets/sanikatiwarekar/deep-fake-detection-dfd-entire-original-dataset/DFD_manipulated_sequences/DFD_manipulated_sequences/13_02__outside_talking_still_laughing__2YSYT2N3.mp4,13_02__outside_talking_still_laughing__2YSYT2N3,1,Fake,DFD,train
/kaggle/input/datasets/sanikatiwarekar/deep-fake-detection-dfd-entire-original-dataset/DFD_manipulated_sequences/DFD_manipulated_sequences/05_08__talking_against_wall__PRBCE28Z.mp4,05_08__talking_against_wall__PRBCE28Z,1,Fake,DFD,train
/kaggle/input/datasets/sanikatiwarekar/deep-fake-detection-dfd-entire-original-dataset/DFD_original sequences/11__walking_down_street_outside_angry.mp4,11__walking_down_street_outside_angry,0,Real,DFD,train
/kaggle/input/datasets/sanikatiwarekar/deep-fake-detection-dfd-entire-original-dataset/DFD_original sequences/11__talking_angry_couch.mp4,11__talking_angry_couch,0,Real,DFD,train
/kaggle/input/datasets/sanikatiwarekar/deep-fake-detection-dfd-entire-original-dataset/DFD_manipulated_sequences/DFD_manipulated_sequences/20_01__outside_talking_pan_laughing__6UBMLXK3.mp4,20_01__outside_talking_pan_laughing__6UBMLXK3,1,Fake,DFD,train
/kaggle/input/datasets/sanikatiwarekar/deep-fake-detection-dfd-entire-original-dataset/DFD_manipulated_sequences/DFD_manipulated_sequences/15_03__exit_phone_room__GZNLO4X9.mp4,15_03__exit_phone_room__GZNLO4X9,1,Fake,DFD,train
/kaggle/input/datasets/sanikatiwarekar/deep-fake-detection-dfd-entire-original-dataset/DFD_manipulated_sequences/DFD_manipulated_sequences/19_24__talking_against_wall__QD5K7BP2.mp4,19_24__talking_against_wall__QD5K7BP2,1,Fake,DFD,train
/kaggle/input/datasets/sanikatiwarekar/deep-fake-detection-dfd-entire-original-dataset/DFD_original sequences/09__outside_talking_pan_laughing.mp4,09__outside_talking_pan_laughing,0,Real,DFD,train
/kaggle/input/datasets/sanikatiwarekar/deep-fake-detection-dfd-entire-original-dataset/DFD_manipulated_sequences/DFD_manipulated_sequences/02_03__walking_outside_cafe_disgusted__GYX5OFTD.mp4,02_03__walking_outside_cafe_disgusted__GYX5OFTD,1,Fake,DFD,train
/kaggle/input/datasets/sanikatiwarekar/deep-fake-detection-dfd-entire-original-dataset/DFD_original sequences/16__kitchen_still.mp4,16__kitchen_still,0,Real,DFD,train
/kaggle/input/datasets/sanikatiwarekar/deep-fake-detection-dfd-entire-original-dataset/DFD_manipulated_sequences/DFD_manipulated_sequences/02_06__walk_down_hall_angry__0M6JNS5D.mp4,02_06__walk_down_hall_angry__0M6JNS5D,1,Fake,DFD,train
/kaggle/input/datasets/sanikatiwarekar/deep-fake-detection-dfd-entire-original-dataset/DFD_original sequences/26__outside_talking_still_laughing.mp4,26__outside_talking_still_laughing,0,Real,DFD,train
/kaggle/input/datasets/sanikatiwarekar/deep-fake-detection-dfd-entire-original-dataset/DFD_original sequences/24__outside_talking_pan_laughing.mp4,24__outside_talking_pan_laughing,0,Real,DFD,train
/kaggle/input/datasets/sanikatiwarekar/deep-fake-detection-dfd-entire-original-dataset/DFD_manipulated_sequences/DFD_manipulated_sequences/02_18__walk_down_hall_angry__B95S4G6F.mp4,02_18__walk_down_hall_angry__B95S4G6F,1,Fake,DFD,train
/kaggle/input/datasets/sanikatiwarekar/deep-fake-detection-dfd-entire-original-dataset/DFD_manipulated_sequences/DFD_manipulated_sequences/03_09__outside_talking_still_laughing__8DTEGQ54.mp4,03_09__outside_talking_still_laughing__8DTEGQ54,1,Fake,DFD,train
/kaggle/input/datasets/sanikatiwarekar/deep-fake-detection-dfd-entire-original-dataset/DFD_original sequences/05__walking_down_street_outside_angry.mp4,05__walking_down_street_outside_angry,0,Real,DFD,train
/kaggle/input/datasets/sanikatiwarekar/deep-fake-detection-dfd-entire-original-dataset/DFD_original sequences/14__walking_down_street_outside_angry.mp4,14__walking_down_street_outside_angry,0,Real,DFD,train
/kaggle/input/datasets/sanikatiwarekar/deep-fake-detection-dfd-entire-original-dataset/DFD_manipulated_sequences/DFD_manipulated_sequences/23_22__walking_and_outside_surprised__J671JKCH.mp4,23_22__walking_and_outside_surprised__J671JKCH,1,Fake,DFD,train
/kaggle/input/datasets/sanikatiwarekar/deep-fake-detection-dfd-entire-original-dataset/DFD_manipulated_sequences/DFD_manipulated_sequences/07_14__podium_speech_happy__P9QFO50U.mp4,07_14__podium_speech_happy__P9QFO50U,1,Fake,DFD,train
/kaggle/input/datasets/sanikatiwarekar/deep-fake-detection-dfd-entire-original-dataset/DFD_original sequences/01__kitchen_pan.mp4,01__kitchen_pan,0,Real,DFD,train
/kaggle/input/datasets/sanikatiwarekar/deep-fake-detection-dfd-entire-original-dataset/DFD_manipulated_sequences/DFD_manipulated_sequences/15_12__walking_down_indoor_hall_disgust__RK17XFJ9.mp4,15_12__walking_down_indoor_hall_disgust__RK17XFJ9,1,Fake,DFD,train
/kaggle/input/datasets/sanikatiwarekar/deep-fake-detection-dfd-entire-original-dataset/DFD_manipulated_sequences/DFD_manipulated_sequences/09_20__walking_down_street_outside_angry__HG1S0KHA.mp4,09_20__walking_down_street_outside_angry__HG1S0KHA,1,Fake,DFD,train
/kaggle/input/datasets/sanikatiwarekar/deep-fake-detection-dfd-entire-original-dataset/DFD_manipulated_sequences/DFD_manipulated_sequences/15_02__walking_outside_cafe_disgusted__P2FAY3DR.mp4,15_02__walking_outside_cafe_disgusted__P2FAY3DR,1,Fake,DFD,train
/kaggle/input/datasets/sanikatiwarekar/deep-fake-detection-dfd-entire-original-dataset/DFD_original sequences/23__talking_angry_couch.mp4,23__talking_angry_couch,0,Real,DFD,train
/kaggle/input/datasets/sanikatiwarekar/deep-fake-detection-dfd-entire-original-dataset/DFD_original sequences/17__outside_talking_still_laughing.mp4,17__outside_talking_still_laughing,0,Real,DFD,train
/kaggle/input/datasets/sanikatiwarekar/deep-fake-detection-dfd-entire-original-dataset/DFD_manipulated_sequences/DFD_manipulated_sequences/14_01__hugging_happy__0S0NS5C6.mp4,14_01__hugging_happy__0S0NS5C6,1,Fake,DFD,train
/kaggle/input/datasets/sanikatiwarekar/deep-fake-detection-dfd-entire-original-dataset/DFD_manipulated_sequences/DFD_manipulated_sequences/18_02__outside_talking_still_laughing__OXMEEFUQ.mp4,18_02__outside_talking_still_laughing__OXMEEFUQ,1,Fake,DFD,train
/kaggle/input/datasets/sanikatiwarekar/deep-fake-detection-dfd-entire-original-dataset/DFD_manipulated_sequences/DFD_manipulated_sequences/23_24__kitchen_still__YR5OVD4S.mp4,23_24__kitchen_still__YR5OVD4S,1,Fake,DFD,train
/kaggle/input/datasets/sanikatiwarekar/deep-fake-detection-dfd-entire-original-dataset/DFD_original sequences/10__kitchen_still.mp4,10__kitchen_still,0,Real,DFD,train
/kaggle/input/datasets/sanikatiwarekar/deep-fake-detection-dfd-entire-original-dataset/DFD_original sequences/20__secret_conversation.mp4,20__secret_conversation,0,Real,DFD,train
/kaggle/input/datasets/sanikatiwarekar/deep-fake-detection-dfd-entire-original-dataset/DFD_original sequences/13__walking_down_street_outside_angry.mp4,13__walking_down_street_outside_angry,0,Real,DFD,train
/kaggle/input/datasets/sanikatiwarekar/deep-fake-detection-dfd-entire-original-dataset/DFD_original sequences/06__walking_down_street_outside_angry.mp4,06__walking_down_street_outside_angry,0,Real,DFD,train
/kaggle/input/datasets/sanikatiwarekar/deep-fake-detection-dfd-entire-original-dataset/DFD_original sequences/17__talking_against_wall.mp4,17__talking_against_wall,0,Real,DFD,train
/kaggle/input/datasets/sanikatiwarekar/deep-fake-detection-dfd-entire-original-dataset/DFD_manipulated_sequences/DFD_manipulated_sequences/17_16__hugging_happy__S7UMSIQV.mp4,17_16__hugging_happy__S7UMSIQV,1,Fake,DFD,train
/kaggle/input/datasets/sanikatiwarekar/deep-fake-detection-dfd-entire-original-dataset/DFD_original sequences/02__walking_down_street_outside_angry.mp4,02__walking_down_street_outside_angry,0,Real,DFD,train
/kaggle/input/datasets/sanikatiwarekar/deep-fake-detection-dfd-entire-original-dataset/DFD_original sequences/26__talking_angry_couch.mp4,26__talking_angry_couch,0,Real,DFD,train
/kaggle/input/datasets/sanikatiwarekar/deep-fake-detection-dfd-entire-original-dataset/DFD_original sequences/22__walking_and_outside_surprised.mp4,22__walking_and_outside_surprised,0,Real,DFD,train
/kaggle/input/datasets/sanikatiwarekar/deep-fake-detection-dfd-entire-original-dataset/DFD_original sequences/21__outside_talking_pan_laughing.mp4,21__outside_talking_pan_laughing,0,Real,DFD,train
/kaggle/input/datasets/sanikatiwarekar/deep-fake-detection-dfd-entire-original-dataset/DFD_manipulated_sequences/DFD_manipulated_sequences/26_12__kitchen_pan__BFBNM8FR.mp4,26_12__kitchen_pan__BFBNM8FR,1,Fake,DFD,train
/kaggle/input/datasets/sanikatiwarekar/deep-fake-detection-dfd-entire-original-dataset/DFD_manipulated_sequences/DFD_manipulated_sequences/12_01__kitchen_pan__TNI7KUZ6.mp4,12_01__kitchen_pan__TNI7KUZ6,1,Fake,DFD,train
/kaggle/input/datasets/sanikatiwarekar/deep-fake-detection-dfd-entire-original-dataset/DFD_manipulated_sequences/DFD_manipulated_sequences/02_12__walking_and_outside_surprised__9D2ZHEKW.mp4,02_12__walking_and_outside_surprised__9D2ZHEKW,1,Fake,DFD,train
/kaggle/input/datasets/sanikatiwarekar/deep-fake-detection-dfd-entire-original-dataset/DFD_original sequences/28__exit_phone_room.mp4,28__exit_phone_room,0,Real,DFD,train
/kaggle/input/datasets/sanikatiwarekar/deep-fake-detection-dfd-entire-original-dataset/DFD_manipulated_sequences/DFD_manipulated_sequences/20_25__hugging_happy__CYKLS79C.mp4,20_25__hugging_happy__CYKLS79C,1,Fake,DFD,train
/kaggle/input/datasets/sanikatiwarekar/deep-fake-detection-dfd-entire-original-dataset/DFD_original sequences/25__secret_conversation.mp4,25__secret_conversation,0,Real,DFD,train
/kaggle/input/datasets/sanikatiwarekar/deep-fake-detection-dfd-entire-original-dataset/DFD_manipulated_sequences/DFD_manipulated_sequences/27_18__walk_down_hall_angry__BSOLX3SI.mp4,27_18__walk_down_hall_angry__BSOLX3SI,1,Fake,DFD,train
/kaggle/input/datasets/sanikatiwarekar/deep-fake-detection-dfd-entire-original-dataset/DFD_manipulated_sequences/DFD_manipulated_sequences/27_07__podium_speech_happy__LEVU87KC.mp4,27_07__podium_speech_happy__LEVU87KC,1,Fake,DFD,train
/kaggle/input/datasets/sanikatiwarekar/deep-fake-detection-dfd-entire-original-dataset/DFD_original sequences/19__outside_talking_still_laughing.mp4,19__outside_talking_still_laughing,0,Real,DFD,val
/kaggle/input/datasets/sanikatiwarekar/deep-fake-detection-dfd-entire-original-dataset/DFD_manipulated_sequences/DFD_manipulated_sequences/14_09__walking_down_street_outside_angry__6TEK3ZX0.mp4,14_09__walking_down_street_outside_angry__6TEK3ZX0,1,Fake,DFD,val
/kaggle/input/datasets/sanikatiwarekar/deep-fake-detection-dfd-entire-original-dataset/DFD_manipulated_sequences/DFD_manipulated_sequences/19_23__secret_conversation__D1K19NUP.mp4,19_23__secret_conversation__D1K19NUP,1,Fake,DFD,val
/kaggle/input/datasets/sanikatiwarekar/deep-fake-detection-dfd-entire-original-dataset/DFD_original sequences/06__kitchen_pan.mp4,06__kitchen_pan,0,Real,DFD,val
/kaggle/input/datasets/sanikatiwarekar/deep-fake-detection-dfd-entire-original-dataset/DFD_original sequences/24__secret_conversation.mp4,24__secret_conversation,0,Real,DFD,val
/kaggle/input/datasets/sanikatiwarekar/deep-fake-detection-dfd-entire-original-dataset/DFD_original sequences/12__walk_down_hall_angry.mp4,12__walk_down_hall_angry,0,Real,DFD,val
/kaggle/input/datasets/sanikatiwarekar/deep-fake-detection-dfd-entire-original-dataset/DFD_original sequences/01__kitchen_still.mp4,01__kitchen_still,0,Real,DFD,val
/kaggle/input/datasets/sanikatiwarekar/deep-fake-detection-dfd-entire-original-dataset/DFD_manipulated_sequences/DFD_manipulated_sequences/15_20__podium_speech_happy__99NHTFBM.mp4,15_20__podium_speech_happy__99NHTFBM,1,Fake,DFD,val
/kaggle/input/datasets/sanikatiwarekar/deep-fake-detection-dfd-entire-original-dataset/DFD_original sequences/19__kitchen_pan.mp4,19__kitchen_pan,0,Real,DFD,val
/kaggle/input/datasets/sanikatiwarekar/deep-fake-detection-dfd-entire-original-dataset/DFD_manipulated_sequences/DFD_manipulated_sequences/06_03__walking_down_indoor_hall_disgust__OPTNKNYK.mp4,06_03__walking_down_indoor_hall_disgust__OPTNKNYK,1,Fake,DFD,val
/kaggle/input/datasets/sanikatiwarekar/deep-fake-detection-dfd-entire-original-dataset/DFD_manipulated_sequences/DFD_manipulated_sequences/02_27__outside_talking_still_laughing__YQX5Z8GN.mp4,02_27__outside_talking_still_laughing__YQX5Z8GN,1,Fake,DFD,val
/kaggle/input/datasets/sanikatiwarekar/deep-fake-detection-dfd-entire-original-dataset/DFD_original sequences/09__exit_phone_room.mp4,09__exit_phone_room,0,Real,DFD,val
/kaggle/input/datasets/sanikatiwarekar/deep-fake-detection-dfd-entire-original-dataset/DFD_original sequences/21__walking_and_outside_surprised.mp4,21__walking_and_outside_surprised,0,Real,DFD,val
/kaggle/input/datasets/sanikatiwarekar/deep-fake-detection-dfd-entire-original-dataset/DFD_manipulated_sequences/DFD_manipulated_sequences/25_13__outside_talking_still_laughing__IW9OFVMG.mp4,25_13__outside_talking_still_laughing__IW9OFVMG,1,Fake,DFD,val
/kaggle/input/datasets/sanikatiwarekar/deep-fake-detection-dfd-entire-original-dataset/DFD_manipulated_sequences/DFD_manipulated_sequences/09_07__kitchen_pan__N9CWME71.mp4,09_07__kitchen_pan__N9CWME71,1,Fake,DFD,val
/kaggle/input/datasets/sanikatiwarekar/deep-fake-detection-dfd-entire-original-dataset/DFD_original sequences/09__outside_talking_still_laughing.mp4,09__outside_talking_still_laughing,0,Real,DFD,val
/kaggle/input/datasets/sanikatiwarekar/deep-fake-detection-dfd-entire-original-dataset/DFD_manipulated_sequences/DFD_manipulated_sequences/03_01__walking_and_outside_surprised__JZUXXFRB.mp4,03_01__walking_and_outside_surprised__JZUXXFRB,1,Fake,DFD,val
/kaggle/input/datasets/sanikatiwarekar/deep-fake-detection-dfd-entire-original-dataset/DFD_original sequences/22__walking_down_indoor_hall_disgust.mp4,22__walking_down_indoor_hall_disgust,0,Real,DFD,val
/kaggle/input/datasets/sanikatiwarekar/deep-fake-detection-dfd-entire-original-dataset/DFD_manipulated_sequences/DFD_manipulated_sequences/02_07__kitchen_still__TBLYQBIY.mp4,02_07__kitchen_still__TBLYQBIY,1,Fake,DFD,val
/kaggle/input/datasets/sanikatiwarekar/deep-fake-detection-dfd-entire-original-dataset/DFD_manipulated_sequences/DFD_manipulated_sequences/06_15__kitchen_pan__E98QYYXO.mp4,06_15__kitchen_pan__E98QYYXO,1,Fake,DFD,val
/kaggle/input/datasets/sanikatiwarekar/deep-fake-detection-dfd-entire-original-dataset/DFD_manipulated_sequences/DFD_manipulated_sequences/06_27__hugging_happy__S3T7SK9O.mp4,06_27__hugging_happy__S3T7SK9O,1,Fake,DFD,val
/kaggle/input/datasets/sanikatiwarekar/deep-fake-detection-dfd-entire-original-dataset/DFD_original sequences/01__walking_outside_cafe_disgusted.mp4,01__walking_outside_cafe_disgusted,0,Real,DFD,val
/kaggle/input/datasets/sanikatiwarekar/deep-fake-detection-dfd-entire-original-dataset/DFD_manipulated_sequences/DFD_manipulated_sequences/12_26__kitchen_pan__HEKDCIHW.mp4,12_26__kitchen_pan__HEKDCIHW,1,Fake,DFD,val
/kaggle/input/datasets/sanikatiwarekar/deep-fake-detection-dfd-entire-original-dataset/DFD_original sequences/03__outside_talking_pan_laughing.mp4,03__outside_talking_pan_laughing,0,Real,DFD,val
/kaggle/input/datasets/sanikatiwarekar/deep-fake-detection-dfd-entire-original-dataset/DFD_original sequences/28__talking_angry_couch.mp4,28__talking_angry_couch,0,Real,DFD,val
/kaggle/input/datasets/sanikatiwarekar/deep-fake-detection-dfd-entire-original-dataset/DFD_original sequences/06__outside_talking_still_laughing.mp4,06__outside_talking_still_laughing,0,Real,DFD,val
/kaggle/input/datasets/sanikatiwarekar/deep-fake-detection-dfd-entire-original-dataset/DFD_original sequences/18__kitchen_pan.mp4,18__kitchen_pan,0,Real,DFD,val
/kaggle/input/datasets/sanikatiwarekar/deep-fake-detection-dfd-entire-original-dataset/DFD_manipulated_sequences/DFD_manipulated_sequences/20_18__outside_talking_pan_laughing__8BMQOD7S.mp4,20_18__outside_talking_pan_laughing__8BMQOD7S,1,Fake,DFD,val
/kaggle/input/datasets/sanikatiwarekar/deep-fake-detection-dfd-entire-original-dataset/DFD_original sequences/09__podium_speech_happy.mp4,09__podium_speech_happy,0,Real,DFD,val
/kaggle/input/datasets/sanikatiwarekar/deep-fake-detection-dfd-entire-original-dataset/DFD_original sequences/12__kitchen_still.mp4,12__kitchen_still,0,Real,DFD,val
/kaggle/input/datasets/sanikatiwarekar/deep-fake-detection-dfd-entire-original-dataset/DFD_original sequences/01__outside_talking_pan_laughing.mp4,01__outside_talking_pan_laughing,0,Real,DFD,val
/kaggle/input/datasets/sanikatiwarekar/deep-fake-detection-dfd-entire-original-dataset/DFD_manipulated_sequences/DFD_manipulated_sequences/07_03__talking_against_wall__PWXXULHR.mp4,07_03__talking_against_wall__PWXXULHR,1,Fake,DFD,val
/kaggle/input/datasets/sanikatiwarekar/deep-fake-detection-dfd-entire-original-dataset/DFD_manipulated_sequences/DFD_manipulated_sequences/02_25__secret_conversation__Z7FQ69VP.mp4,02_25__secret_conversation__Z7FQ69VP,1,Fake,DFD,val
/kaggle/input/datasets/sanikatiwarekar/deep-fake-detection-dfd-entire-original-dataset/DFD_original sequences/14__kitchen_still.mp4,14__kitchen_still,0,Real,DFD,val
/kaggle/input/datasets/sanikatiwarekar/deep-fake-detection-dfd-entire-original-dataset/DFD_manipulated_sequences/DFD_manipulated_sequences/12_26__exit_phone_room__HEKDCIHW.mp4,12_26__exit_phone_room__HEKDCIHW,1,Fake,DFD,val
/kaggle/input/datasets/sanikatiwarekar/deep-fake-detection-dfd-entire-original-dataset/DFD_original sequences/15__exit_phone_room.mp4,15__exit_phone_room,0,Real,DFD,val
/kaggle/input/datasets/sanikatiwarekar/deep-fake-detection-dfd-entire-original-dataset/DFD_manipulated_sequences/DFD_manipulated_sequences/11_26__kitchen_still__7C0VKV43.mp4,11_26__kitchen_still__7C0VKV43,1,Fake,DFD,val
/kaggle/input/datasets/sanikatiwarekar/deep-fake-detection-dfd-entire-original-dataset/DFD_manipulated_sequences/DFD_manipulated_sequences/15_20__walking_down_indoor_hall_disgust__CYD62VPP.mp4,15_20__walking_down_indoor_hall_disgust__CYD62VPP,1,Fake,DFD,val
/kaggle/input/datasets/sanikatiwarekar/deep-fake-detection-dfd-entire-original-dataset/DFD_original sequences/05__outside_talking_still_laughing.mp4,05__outside_talking_still_laughing,0,Real,DFD,val
/kaggle/input/datasets/sanikatiwarekar/deep-fake-detection-dfd-entire-original-dataset/DFD_original sequences/25__walking_down_street_outside_angry.mp4,25__walking_down_street_outside_angry,0,Real,DFD,val
/kaggle/input/datasets/sanikatiwarekar/deep-fake-detection-dfd-entire-original-dataset/DFD_original sequences/01__outside_talking_still_laughing.mp4,01__outside_talking_still_laughing,0,Real,DFD,val
/kaggle/input/datasets/sanikatiwarekar/deep-fake-detection-dfd-entire-original-dataset/DFD_manipulated_sequences/DFD_manipulated_sequences/02_13__kitchen_pan__CP5HFV3K.mp4,02_13__kitchen_pan__CP5HFV3K,1,Fake,DFD,val
/kaggle/input/datasets/sanikatiwarekar/deep-fake-detection-dfd-entire-original-dataset/DFD_original sequences/04__talking_against_wall.mp4,04__talking_against_wall,0,Real,DFD,val
/kaggle/input/datasets/sanikatiwarekar/deep-fake-detection-dfd-entire-original-dataset/DFD_original sequences/28__secret_conversation.mp4,28__secret_conversation,0,Real,DFD,val
/kaggle/input/datasets/sanikatiwarekar/deep-fake-detection-dfd-entire-original-dataset/DFD_manipulated_sequences/DFD_manipulated_sequences/03_18__outside_talking_pan_laughing__22UBC0BS.mp4,03_18__outside_talking_pan_laughing__22UBC0BS,1,Fake,DFD,val
/kaggle/input/datasets/sanikatiwarekar/deep-fake-detection-dfd-entire-original-dataset/DFD_original sequences/14__kitchen_pan.mp4,14__kitchen_pan,0,Real,DFD,val
/kaggle/input/datasets/sanikatiwarekar/deep-fake-detection-dfd-entire-original-dataset/DFD_manipulated_sequences/DFD_manipulated_sequences/21_20__hugging_happy__ZCB5OMEW.mp4,21_20__hugging_happy__ZCB5OMEW,1,Fake,DFD,val
/kaggle/input/datasets/sanikatiwarekar/deep-fake-detection-dfd-entire-original-dataset/DFD_manipulated_sequences/DFD_manipulated_sequences/25_15__secret_conversation__BXVA6VQB.mp4,25_15__secret_conversation__BXVA6VQB,1,Fake,DFD,val
/kaggle/input/datasets/sanikatiwarekar/deep-fake-detection-dfd-entire-original-dataset/DFD_original sequences/11__walk_down_hall_angry.mp4,11__walk_down_hall_angry,0,Real,DFD,val
/kaggle/input/datasets/sanikatiwarekar/deep-fake-detection-dfd-entire-original-dataset/DFD_original sequences/07__exit_phone_room.mp4,07__exit_phone_room,0,Real,DFD,val
/kaggle/input/datasets/sanikatiwarekar/deep-fake-detection-dfd-entire-original-dataset/DFD_original sequences/01__walking_down_street_outside_angry.mp4,01__walking_down_street_outside_angry,0,Real,DFD,val
/kaggle/input/datasets/sanikatiwarekar/deep-fake-detection-dfd-entire-original-dataset/DFD_manipulated_sequences/DFD_manipulated_sequences/24_23__talking_angry_couch__MDSDXSNU.mp4,24_23__talking_angry_couch__MDSDXSNU,1,Fake,DFD,val
/kaggle/input/datasets/sanikatiwarekar/deep-fake-detection-dfd-entire-original-dataset/DFD_manipulated_sequences/DFD_manipulated_sequences/23_19__walking_outside_cafe_disgusted__WHQ1229T.mp4,23_19__walking_outside_cafe_disgusted__WHQ1229T,1,Fake,DFD,val
/kaggle/input/datasets/sanikatiwarekar/deep-fake-detection-dfd-entire-original-dataset/DFD_original sequences/05__outside_talking_pan_laughing.mp4,05__outside_talking_pan_laughing,0,Real,DFD,val
/kaggle/input/datasets/sanikatiwarekar/deep-fake-detection-dfd-entire-original-dataset/DFD_original sequences/06__walking_outside_cafe_disgusted.mp4,06__walking_outside_cafe_disgusted,0,Real,DFD,val
/kaggle/input/datasets/sanikatiwarekar/deep-fake-detection-dfd-entire-original-dataset/DFD_original sequences/10__kitchen_pan.mp4,10__kitchen_pan,0,Real,DFD,val
/kaggle/input/datasets/sanikatiwarekar/deep-fake-detection-dfd-entire-original-dataset/DFD_manipulated_sequences/DFD_manipulated_sequences/10_22__talking_angry_couch__X803B18R.mp4,10_22__talking_angry_couch__X803B18R,1,Fake,DFD,val
/kaggle/input/datasets/sanikatiwarekar/deep-fake-detection-dfd-entire-original-dataset/DFD_original sequences/14__walk_down_hall_angry.mp4,14__walk_down_hall_angry,0,Real,DFD,val
/kaggle/input/datasets/sanikatiwarekar/deep-fake-detection-dfd-entire-original-dataset/DFD_manipulated_sequences/DFD_manipulated_sequences/13_09__outside_talking_pan_laughing__6K90KFOQ.mp4,13_09__outside_talking_pan_laughing__6K90KFOQ,1,Fake,DFD,val
/kaggle/input/datasets/sanikatiwarekar/deep-fake-detection-dfd-entire-original-dataset/DFD_original sequences/17__outside_talking_pan_laughing.mp4,17__outside_talking_pan_laughing,0,Real,DFD,val
/kaggle/input/datasets/sanikatiwarekar/deep-fake-detection-dfd-entire-original-dataset/DFD_original sequences/10__outside_talking_pan_laughing.mp4,10__outside_talking_pan_laughing,0,Real,DFD,val
/kaggle/input/datasets/sanikatiwarekar/deep-fake-detection-dfd-entire-original-dataset/DFD_manipulated_sequences/DFD_manipulated_sequences/02_06__walk_down_hall_angry__MKZTXQ2T.mp4,02_06__walk_down_hall_angry__MKZTXQ2T,1,Fake,DFD,val
/kaggle/input/datasets/sanikatiwarekar/deep-fake-detection-dfd-entire-original-dataset/DFD_manipulated_sequences/DFD_manipulated_sequences/02_13__talking_angry_couch__CP5HFV3K.mp4,02_13__talking_angry_couch__CP5HFV3K,1,Fake,DFD,val
/kaggle/input/datasets/sanikatiwarekar/deep-fake-detection-dfd-entire-original-dataset/DFD_original sequences/07__walking_down_street_outside_angry.mp4,07__walking_down_street_outside_angry,0,Real,DFD,val
/kaggle/input/datasets/sanikatiwarekar/deep-fake-detection-dfd-entire-original-dataset/DFD_manipulated_sequences/DFD_manipulated_sequences/12_13__walking_and_outside_surprised__Q442U52P.mp4,12_13__walking_and_outside_surprised__Q442U52P,1,Fake,DFD,val
/kaggle/input/datasets/sanikatiwarekar/deep-fake-detection-dfd-entire-original-dataset/DFD_manipulated_sequences/DFD_manipulated_sequences/04_02__outside_talking_pan_laughing__8CH7R4LW.mp4,04_02__outside_talking_pan_laughing__8CH7R4LW,1,Fake,DFD,val
/kaggle/input/datasets/sanikatiwarekar/deep-fake-detection-dfd-entire-original-dataset/DFD_manipulated_sequences/DFD_manipulated_sequences/17_16__walking_down_indoor_hall_disgust__S7UMSIQV.mp4,17_16__walking_down_indoor_hall_disgust__S7UMSIQV,1,Fake,DFD,val
/kaggle/input/datasets/sanikatiwarekar/deep-fake-detection-dfd-entire-original-dataset/DFD_manipulated_sequences/DFD_manipulated_sequences/22_19__walking_down_indoor_hall_disgust__VK6BF5NV.mp4,22_19__walking_down_indoor_hall_disgust__VK6BF5NV,1,Fake,DFD,val
/kaggle/input/datasets/sanikatiwarekar/deep-fake-detection-dfd-entire-original-dataset/DFD_manipulated_sequences/DFD_manipulated_sequences/01_02__exit_phone_room__YVGY8LOK.mp4,01_02__exit_phone_room__YVGY8LOK,1,Fake,DFD,val
/kaggle/input/datasets/sanikatiwarekar/deep-fake-detection-dfd-entire-original-dataset/DFD_manipulated_sequences/DFD_manipulated_sequences/09_02__exit_phone_room__HIH8YA82.mp4,09_02__exit_phone_room__HIH8YA82,1,Fake,DFD,val
/kaggle/input/datasets/sanikatiwarekar/deep-fake-detection-dfd-entire-original-dataset/DFD_original sequences/28__outside_talking_pan_laughing.mp4,28__outside_talking_pan_laughing,0,Real,DFD,val
/kaggle/input/datasets/sanikatiwarekar/deep-fake-detection-dfd-entire-original-dataset/DFD_original sequences/18__secret_conversation.mp4,18__secret_conversation,0,Real,DFD,val
/kaggle/input/datasets/sanikatiwarekar/deep-fake-detection-dfd-entire-original-dataset/DFD_manipulated_sequences/DFD_manipulated_sequences/11_01__secret_conversation__WIZ7GKOD.mp4,11_01__secret_conversation__WIZ7GKOD,1,Fake,DFD,val
/kaggle/input/datasets/sanikatiwarekar/deep-fake-detection-dfd-entire-original-dataset/DFD_manipulated_sequences/DFD_manipulated_sequences/02_15__talking_against_wall__MZWH8ATN.mp4,02_15__talking_against_wall__MZWH8ATN,1,Fake,DFD,val
/kaggle/input/datasets/sanikatiwarekar/deep-fake-detection-dfd-entire-original-dataset/DFD_manipulated_sequences/DFD_manipulated_sequences/12_15__secret_conversation__N0SRODQD.mp4,12_15__secret_conversation__N0SRODQD,1,Fake,DFD,val
/kaggle/input/datasets/sanikatiwarekar/deep-fake-detection-dfd-entire-original-dataset/DFD_manipulated_sequences/DFD_manipulated_sequences/02_06__walking_outside_cafe_disgusted__GH8TGTBS.mp4,02_06__walking_outside_cafe_disgusted__GH8TGTBS,1,Fake,DFD,val
/kaggle/input/datasets/sanikatiwarekar/deep-fake-detection-dfd-entire-original-dataset/DFD_manipulated_sequences/DFD_manipulated_sequences/19_24__outside_talking_still_laughing__DL7X7M6I.mp4,19_24__outside_talking_still_laughing__DL7X7M6I,1,Fake,DFD,val
/kaggle/input/datasets/sanikatiwarekar/deep-fake-detection-dfd-entire-original-dataset/DFD_original sequences/01__secret_conversation.mp4,01__secret_conversation,0,Real,DFD,val
/kaggle/input/datasets/sanikatiwarekar/deep-fake-detection-dfd-entire-original-dataset/DFD_original sequences/27__walking_down_street_outside_angry.mp4,27__walking_down_street_outside_angry,0,Real,DFD,val
/kaggle/input/datasets/sanikatiwarekar/deep-fake-detection-dfd-entire-original-dataset/DFD_original sequences/12__walking_outside_cafe_disgusted.mp4,12__walking_outside_cafe_disgusted,0,Real,DFD,val
/kaggle/input/datasets/sanikatiwarekar/deep-fake-detection-dfd-entire-original-dataset/DFD_original sequences/13__hugging_happy.mp4,13__hugging_happy,0,Real,DFD,val
/kaggle/input/datasets/sanikatiwarekar/deep-fake-detection-dfd-entire-original-dataset/DFD_manipulated_sequences/DFD_manipulated_sequences/07_02__outside_talking_pan_laughing__O4SXNLRL.mp4,07_02__outside_talking_pan_laughing__O4SXNLRL,1,Fake,DFD,val
/kaggle/input/datasets/sanikatiwarekar/deep-fake-detection-dfd-entire-original-dataset/DFD_manipulated_sequences/DFD_manipulated_sequences/11_07__kitchen_pan__H1YF1M1B.mp4,11_07__kitchen_pan__H1YF1M1B,1,Fake,DFD,val
/kaggle/input/datasets/sanikatiwarekar/deep-fake-detection-dfd-entire-original-dataset/DFD_manipulated_sequences/DFD_manipulated_sequences/21_09__talking_angry_couch__CGIID3GV.mp4,21_09__talking_angry_couch__CGIID3GV,1,Fake,DFD,val
/kaggle/input/datasets/sanikatiwarekar/deep-fake-detection-dfd-entire-original-dataset/DFD_manipulated_sequences/DFD_manipulated_sequences/03_21__exit_phone_room__V53E3RVB.mp4,03_21__exit_phone_room__V53E3RVB,1,Fake,DFD,val
/kaggle/input/datasets/sanikatiwarekar/deep-fake-detection-dfd-entire-original-dataset/DFD_original sequences/13__walking_down_indoor_hall_disgust.mp4,13__walking_down_indoor_hall_disgust,0,Real,DFD,val
/kaggle/input/datasets/sanikatiwarekar/deep-fake-detection-dfd-entire-original-dataset/DFD_manipulated_sequences/DFD_manipulated_sequences/15_02__hugging_happy__HTG660F8.mp4,15_02__hugging_happy__HTG660F8,1,Fake,DFD,val
/kaggle/input/datasets/sanikatiwarekar/deep-fake-detection-dfd-entire-original-dataset/DFD_manipulated_sequences/DFD_manipulated_sequences/07_02__walking_outside_cafe_disgusted__1H07DFQJ.mp4,07_02__walking_outside_cafe_disgusted__1H07DFQJ,1,Fake,DFD,val
/kaggle/input/datasets/sanikatiwarekar/deep-fake-detection-dfd-entire-original-dataset/DFD_original sequences/05__walk_down_hall_angry.mp4,05__walk_down_hall_angry,0,Real,DFD,val
/kaggle/input/datasets/sanikatiwarekar/deep-fake-detection-dfd-entire-original-dataset/DFD_original sequences/06__talking_against_wall.mp4,06__talking_against_wall,0,Real,DFD,val
/kaggle/input/datasets/sanikatiwarekar/deep-fake-detection-dfd-entire-original-dataset/DFD_original sequences/26__walk_down_hall_angry.mp4,26__walk_down_hall_angry,0,Real,DFD,test
/kaggle/input/datasets/sanikatiwarekar/deep-fake-detection-dfd-entire-original-dataset/DFD_original sequences/02__secret_conversation.mp4,02__secret_conversation,0,Real,DFD,test
/kaggle/input/datasets/sanikatiwarekar/deep-fake-detection-dfd-entire-original-dataset/DFD_original sequences/13__exit_phone_room.mp4,13__exit_phone_room,0,Real,DFD,test
/kaggle/input/datasets/sanikatiwarekar/deep-fake-detection-dfd-entire-original-dataset/DFD_manipulated_sequences/DFD_manipulated_sequences/12_07__walking_outside_cafe_disgusted__KAG65PEE.mp4,12_07__walking_outside_cafe_disgusted__KAG65PEE,1,Fake,DFD,test
/kaggle/input/datasets/sanikatiwarekar/deep-fake-detection-dfd-entire-original-dataset/DFD_original sequences/14__exit_phone_room.mp4,14__exit_phone_room,0,Real,DFD,test
/kaggle/input/datasets/sanikatiwarekar/deep-fake-detection-dfd-entire-original-dataset/DFD_original sequences/09__kitchen_pan.mp4,09__kitchen_pan,0,Real,DFD,test
/kaggle/input/datasets/sanikatiwarekar/deep-fake-detection-dfd-entire-original-dataset/DFD_original sequences/12__walking_down_street_outside_angry.mp4,12__walking_down_street_outside_angry,0,Real,DFD,test
/kaggle/input/datasets/sanikatiwarekar/deep-fake-detection-dfd-entire-original-dataset/DFD_original sequences/11__outside_talking_pan_laughing.mp4,11__outside_talking_pan_laughing,0,Real,DFD,test
/kaggle/input/datasets/sanikatiwarekar/deep-fake-detection-dfd-entire-original-dataset/DFD_manipulated_sequences/DFD_manipulated_sequences/08_28__podium_speech_happy__HIOU8Z8I.mp4,08_28__podium_speech_happy__HIOU8Z8I,1,Fake,DFD,test
/kaggle/input/datasets/sanikatiwarekar/deep-fake-detection-dfd-entire-original-dataset/DFD_original sequences/28__podium_speech_happy.mp4,28__podium_speech_happy,0,Real,DFD,test
/kaggle/input/datasets/sanikatiwarekar/deep-fake-detection-dfd-entire-original-dataset/DFD_original sequences/01__walking_and_outside_surprised.mp4,01__walking_and_outside_surprised,0,Real,DFD,test
/kaggle/input/datasets/sanikatiwarekar/deep-fake-detection-dfd-entire-original-dataset/DFD_original sequences/20__hugging_happy.mp4,20__hugging_happy,0,Real,DFD,test
/kaggle/input/datasets/sanikatiwarekar/deep-fake-detection-dfd-entire-original-dataset/DFD_manipulated_sequences/DFD_manipulated_sequences/18_25__exit_phone_room__AUC0HY5T.mp4,18_25__exit_phone_room__AUC0HY5T,1,Fake,DFD,test
/kaggle/input/datasets/sanikatiwarekar/deep-fake-detection-dfd-entire-original-dataset/DFD_manipulated_sequences/DFD_manipulated_sequences/14_26__outside_talking_still_laughing__ILLP29ZH.mp4,14_26__outside_talking_still_laughing__ILLP29ZH,1,Fake,DFD,test
/kaggle/input/datasets/sanikatiwarekar/deep-fake-detection-dfd-entire-original-dataset/DFD_original sequences/21__walk_down_hall_angry.mp4,21__walk_down_hall_angry,0,Real,DFD,test
/kaggle/input/datasets/sanikatiwarekar/deep-fake-detection-dfd-entire-original-dataset/DFD_manipulated_sequences/DFD_manipulated_sequences/02_07__walking_and_outside_surprised__UH60ROEK.mp4,02_07__walking_and_outside_surprised__UH60ROEK,1,Fake,DFD,test
/kaggle/input/datasets/sanikatiwarekar/deep-fake-detection-dfd-entire-original-dataset/DFD_manipulated_sequences/DFD_manipulated_sequences/12_14__walk_down_hall_angry__Z7EWFA0P.mp4,12_14__walk_down_hall_angry__Z7EWFA0P,1,Fake,DFD,test
/kaggle/input/datasets/sanikatiwarekar/deep-fake-detection-dfd-entire-original-dataset/DFD_manipulated_sequences/DFD_manipulated_sequences/09_21__talking_against_wall__PF4WD2KJ.mp4,09_21__talking_against_wall__PF4WD2KJ,1,Fake,DFD,test
/kaggle/input/datasets/sanikatiwarekar/deep-fake-detection-dfd-entire-original-dataset/DFD_manipulated_sequences/DFD_manipulated_sequences/21_25__walk_down_hall_angry__NFBISHIN.mp4,21_25__walk_down_hall_angry__NFBISHIN,1,Fake,DFD,test
/kaggle/input/datasets/sanikatiwarekar/deep-fake-detection-dfd-entire-original-dataset/DFD_original sequences/23__hugging_happy.mp4,23__hugging_happy,0,Real,DFD,test
/kaggle/input/datasets/sanikatiwarekar/deep-fake-detection-dfd-entire-original-dataset/DFD_manipulated_sequences/DFD_manipulated_sequences/03_07__walk_down_hall_angry__IFSURI9X.mp4,03_07__walk_down_hall_angry__IFSURI9X,1,Fake,DFD,test
/kaggle/input/datasets/sanikatiwarekar/deep-fake-detection-dfd-entire-original-dataset/DFD_original sequences/21__podium_speech_happy.mp4,21__podium_speech_happy,0,Real,DFD,test
/kaggle/input/datasets/sanikatiwarekar/deep-fake-detection-dfd-entire-original-dataset/DFD_manipulated_sequences/DFD_manipulated_sequences/19_10__talking_angry_couch__BVVPN5D5.mp4,19_10__talking_angry_couch__BVVPN5D5,1,Fake,DFD,test
/kaggle/input/datasets/sanikatiwarekar/deep-fake-detection-dfd-entire-original-dataset/DFD_original sequences/19__podium_speech_happy.mp4,19__podium_speech_happy,0,Real,DFD,test
/kaggle/input/datasets/sanikatiwarekar/deep-fake-detection-dfd-entire-original-dataset/DFD_original sequences/13__talking_against_wall.mp4,13__talking_against_wall,0,Real,DFD,test
/kaggle/input/datasets/sanikatiwarekar/deep-fake-detection-dfd-entire-original-dataset/DFD_manipulated_sequences/DFD_manipulated_sequences/23_22__outside_talking_pan_laughing__J671JKCH.mp4,23_22__outside_talking_pan_laughing__J671JKCH,1,Fake,DFD,test
/kaggle/input/datasets/sanikatiwarekar/deep-fake-detection-dfd-entire-original-dataset/DFD_original sequences/22__outside_talking_still_laughing.mp4,22__outside_talking_still_laughing,0,Real,DFD,test
/kaggle/input/datasets/sanikatiwarekar/deep-fake-detection-dfd-entire-original-dataset/DFD_original sequences/20__podium_speech_happy.mp4,20__podium_speech_happy,0,Real,DFD,test
/kaggle/input/datasets/sanikatiwarekar/deep-fake-detection-dfd-entire-original-dataset/DFD_manipulated_sequences/DFD_manipulated_sequences/04_18__kitchen_still__NAXINA1N.mp4,04_18__kitchen_still__NAXINA1N,1,Fake,DFD,test
/kaggle/input/datasets/sanikatiwarekar/deep-fake-detection-dfd-entire-original-dataset/DFD_manipulated_sequences/DFD_manipulated_sequences/26_14__exit_phone_room__SU8SAHTT.mp4,26_14__exit_phone_room__SU8SAHTT,1,Fake,DFD,test
/kaggle/input/datasets/sanikatiwarekar/deep-fake-detection-dfd-entire-original-dataset/DFD_manipulated_sequences/DFD_manipulated_sequences/27_25__walking_down_street_outside_angry__1KU29EUL.mp4,27_25__walking_down_street_outside_angry__1KU29EUL,1,Fake,DFD,test
/kaggle/input/datasets/sanikatiwarekar/deep-fake-detection-dfd-entire-original-dataset/DFD_original sequences/02__walking_outside_cafe_disgusted.mp4,02__walking_outside_cafe_disgusted,0,Real,DFD,test
/kaggle/input/datasets/sanikatiwarekar/deep-fake-detection-dfd-entire-original-dataset/DFD_manipulated_sequences/DFD_manipulated_sequences/20_13__secret_conversation__4RU7I77X.mp4,20_13__secret_conversation__4RU7I77X,1,Fake,DFD,test
/kaggle/input/datasets/sanikatiwarekar/deep-fake-detection-dfd-entire-original-dataset/DFD_original sequences/14__secret_conversation.mp4,14__secret_conversation,0,Real,DFD,test
/kaggle/input/datasets/sanikatiwarekar/deep-fake-detection-dfd-entire-original-dataset/DFD_original sequences/26__walking_outside_cafe_disgusted.mp4,26__walking_outside_cafe_disgusted,0,Real,DFD,test
/kaggle/input/datasets/sanikatiwarekar/deep-fake-detection-dfd-entire-original-dataset/DFD_manipulated_sequences/DFD_manipulated_sequences/06_18__walking_down_street_outside_angry__MVXBDKGB.mp4,06_18__walking_down_street_outside_angry__MVXBDKGB,1,Fake,DFD,test
/kaggle/input/datasets/sanikatiwarekar/deep-fake-detection-dfd-entire-original-dataset/DFD_original sequences/13__talking_angry_couch.mp4,13__talking_angry_couch,0,Real,DFD,test
/kaggle/input/datasets/sanikatiwarekar/deep-fake-detection-dfd-entire-original-dataset/DFD_manipulated_sequences/DFD_manipulated_sequences/13_03__talking_angry_couch__GBYWJW06.mp4,13_03__talking_angry_couch__GBYWJW06,1,Fake,DFD,test
/kaggle/input/datasets/sanikatiwarekar/deep-fake-detection-dfd-entire-original-dataset/DFD_manipulated_sequences/DFD_manipulated_sequences/26_03__walking_outside_cafe_disgusted__WBSXBL82.mp4,26_03__walking_outside_cafe_disgusted__WBSXBL82,1,Fake,DFD,test
/kaggle/input/datasets/sanikatiwarekar/deep-fake-detection-dfd-entire-original-dataset/DFD_original sequences/02__walk_down_hall_angry.mp4,02__walk_down_hall_angry,0,Real,DFD,test
/kaggle/input/datasets/sanikatiwarekar/deep-fake-detection-dfd-entire-original-dataset/DFD_original sequences/26__kitchen_still.mp4,26__kitchen_still,0,Real,DFD,test
/kaggle/input/datasets/sanikatiwarekar/deep-fake-detection-dfd-entire-original-dataset/DFD_original sequences/03__podium_speech_happy.mp4,03__podium_speech_happy,0,Real,DFD,test
/kaggle/input/datasets/sanikatiwarekar/deep-fake-detection-dfd-entire-original-dataset/DFD_manipulated_sequences/DFD_manipulated_sequences/15_07__walking_down_indoor_hall_disgust__NYPO7U50.mp4,15_07__walking_down_indoor_hall_disgust__NYPO7U50,1,Fake,DFD,test
/kaggle/input/datasets/sanikatiwarekar/deep-fake-detection-dfd-entire-original-dataset/DFD_original sequences/19__outside_talking_pan_laughing.mp4,19__outside_talking_pan_laughing,0,Real,DFD,test
/kaggle/input/datasets/sanikatiwarekar/deep-fake-detection-dfd-entire-original-dataset/DFD_manipulated_sequences/DFD_manipulated_sequences/11_18__secret_conversation__PT4YKO2R.mp4,11_18__secret_conversation__PT4YKO2R,1,Fake,DFD,test
/kaggle/input/datasets/sanikatiwarekar/deep-fake-detection-dfd-entire-original-dataset/DFD_manipulated_sequences/DFD_manipulated_sequences/26_20__kitchen_pan__34DJQS3E.mp4,26_20__kitchen_pan__34DJQS3E,1,Fake,DFD,test
/kaggle/input/datasets/sanikatiwarekar/deep-fake-detection-dfd-entire-original-dataset/DFD_manipulated_sequences/DFD_manipulated_sequences/04_07__kitchen_pan__XRK7FGZX.mp4,04_07__kitchen_pan__XRK7FGZX,1,Fake,DFD,test
/kaggle/input/datasets/sanikatiwarekar/deep-fake-detection-dfd-entire-original-dataset/DFD_original sequences/22__secret_conversation.mp4,22__secret_conversation,0,Real,DFD,test
/kaggle/input/datasets/sanikatiwarekar/deep-fake-detection-dfd-entire-original-dataset/DFD_manipulated_sequences/DFD_manipulated_sequences/12_13__podium_speech_happy__BFH4F0N8.mp4,12_13__podium_speech_happy__BFH4F0N8,1,Fake,DFD,test
/kaggle/input/datasets/sanikatiwarekar/deep-fake-detection-dfd-entire-original-dataset/DFD_original sequences/19__talking_against_wall.mp4,19__talking_against_wall,0,Real,DFD,test
/kaggle/input/datasets/sanikatiwarekar/deep-fake-detection-dfd-entire-original-dataset/DFD_manipulated_sequences/DFD_manipulated_sequences/06_15__outside_talking_pan_laughing__QRCD27P8.mp4,06_15__outside_talking_pan_laughing__QRCD27P8,1,Fake,DFD,test
/kaggle/input/datasets/sanikatiwarekar/deep-fake-detection-dfd-entire-original-dataset/DFD_manipulated_sequences/DFD_manipulated_sequences/20_26__outside_talking_pan_laughing__1UEDQ3GY.mp4,20_26__outside_talking_pan_laughing__1UEDQ3GY,1,Fake,DFD,test
/kaggle/input/datasets/sanikatiwarekar/deep-fake-detection-dfd-entire-original-dataset/DFD_original sequences/03__hugging_happy.mp4,03__hugging_happy,0,Real,DFD,test
/kaggle/input/datasets/sanikatiwarekar/deep-fake-detection-dfd-entire-original-dataset/DFD_manipulated_sequences/DFD_manipulated_sequences/15_12__walking_down_indoor_hall_disgust__N0SRODQD.mp4,15_12__walking_down_indoor_hall_disgust__N0SRODQD,1,Fake,DFD,test
/kaggle/input/datasets/sanikatiwarekar/deep-fake-detection-dfd-entire-original-dataset/DFD_manipulated_sequences/DFD_manipulated_sequences/15_03__walking_down_indoor_hall_disgust__OY4I7ZU8.mp4,15_03__walking_down_indoor_hall_disgust__OY4I7ZU8,1,Fake,DFD,test
/kaggle/input/datasets/sanikatiwarekar/deep-fake-detection-dfd-entire-original-dataset/DFD_original sequences/27__meeting_serious.mp4,27__meeting_serious,0,Real,DFD,test
/kaggle/input/datasets/sanikatiwarekar/deep-fake-detection-dfd-entire-original-dataset/DFD_manipulated_sequences/DFD_manipulated_sequences/15_01__kitchen_still__02HILKYO.mp4,15_01__kitchen_still__02HILKYO,1,Fake,DFD,test
/kaggle/input/datasets/sanikatiwarekar/deep-fake-detection-dfd-entire-original-dataset/DFD_manipulated_sequences/DFD_manipulated_sequences/01_03__kitchen_still__JZUXXFRB.mp4,01_03__kitchen_still__JZUXXFRB,1,Fake,DFD,test
/kaggle/input/datasets/sanikatiwarekar/deep-fake-detection-dfd-entire-original-dataset/DFD_manipulated_sequences/DFD_manipulated_sequences/22_19__outside_talking_pan_laughing__VK6BF5NV.mp4,22_19__outside_talking_pan_laughing__VK6BF5NV,1,Fake,DFD,test
/kaggle/input/datasets/sanikatiwarekar/deep-fake-detection-dfd-entire-original-dataset/DFD_original sequences/11__talking_against_wall.mp4,11__talking_against_wall,0,Real,DFD,test
/kaggle/input/datasets/sanikatiwarekar/deep-fake-detection-dfd-entire-original-dataset/DFD_manipulated_sequences/DFD_manipulated_sequences/24_22__walk_down_hall_angry__7E3GY85F.mp4,24_22__walk_down_hall_angry__7E3GY85F,1,Fake,DFD,test
/kaggle/input/datasets/sanikatiwarekar/deep-fake-detection-dfd-entire-original-dataset/DFD_manipulated_sequences/DFD_manipulated_sequences/18_02__secret_conversation__OXMEEFUQ.mp4,18_02__secret_conversation__OXMEEFUQ,1,Fake,DFD,test
/kaggle/input/datasets/sanikatiwarekar/deep-fake-detection-dfd-entire-original-dataset/DFD_original sequences/09__talking_against_wall.mp4,09__talking_against_wall,0,Real,DFD,test
/kaggle/input/datasets/sanikatiwarekar/deep-fake-detection-dfd-entire-original-dataset/DFD_manipulated_sequences/DFD_manipulated_sequences/08_05__walk_down_hall_angry__YN1Q9TER.mp4,08_05__walk_down_hall_angry__YN1Q9TER,1,Fake,DFD,test
/kaggle/input/datasets/sanikatiwarekar/deep-fake-detection-dfd-entire-original-dataset/DFD_manipulated_sequences/DFD_manipulated_sequences/12_04__walking_and_outside_surprised__96TQKDFJ.mp4,12_04__walking_and_outside_surprised__96TQKDFJ,1,Fake,DFD,test
/kaggle/input/datasets/sanikatiwarekar/deep-fake-detection-dfd-entire-original-dataset/DFD_original sequences/14__hugging_happy.mp4,14__hugging_happy,0,Real,DFD,test
/kaggle/input/datasets/sanikatiwarekar/deep-fake-detection-dfd-entire-original-dataset/DFD_manipulated_sequences/DFD_manipulated_sequences/21_09__podium_speech_happy__J7SQKGUR.mp4,21_09__podium_speech_happy__J7SQKGUR,1,Fake,DFD,test
/kaggle/input/datasets/sanikatiwarekar/deep-fake-detection-dfd-entire-original-dataset/DFD_original sequences/03__secret_conversation.mp4,03__secret_conversation,0,Real,DFD,test
/kaggle/input/datasets/sanikatiwarekar/deep-fake-detection-dfd-entire-original-dataset/DFD_original sequences/21__walking_outside_cafe_disgusted.mp4,21__walking_outside_cafe_disgusted,0,Real,DFD,test
/kaggle/input/datasets/sanikatiwarekar/deep-fake-detection-dfd-entire-original-dataset/DFD_original sequences/10__exit_phone_room.mp4,10__exit_phone_room,0,Real,DFD,test
/kaggle/input/datasets/sanikatiwarekar/deep-fake-detection-dfd-entire-original-dataset/DFD_manipulated_sequences/DFD_manipulated_sequences/11_07__kitchen_still__R7R86Z62.mp4,11_07__kitchen_still__R7R86Z62,1,Fake,DFD,test
/kaggle/input/datasets/sanikatiwarekar/deep-fake-detection-dfd-entire-original-dataset/DFD_original sequences/28__kitchen_still.mp4,28__kitchen_still,0,Real,DFD,test
/kaggle/input/datasets/sanikatiwarekar/deep-fake-detection-dfd-entire-original-dataset/DFD_original sequences/25__exit_phone_room.mp4,25__exit_phone_room,0,Real,DFD,test
/kaggle/input/datasets/sanikatiwarekar/deep-fake-detection-dfd-entire-original-dataset/DFD_manipulated_sequences/DFD_manipulated_sequences/05_08__kitchen_still__LVIZ2X8P.mp4,05_08__kitchen_still__LVIZ2X8P,1,Fake,DFD,test
/kaggle/input/datasets/sanikatiwarekar/deep-fake-detection-dfd-entire-original-dataset/DFD_manipulated_sequences/DFD_manipulated_sequences/06_12__podium_speech_happy__0VR4Y891.mp4,06_12__podium_speech_happy__0VR4Y891,1,Fake,DFD,test
/kaggle/input/datasets/sanikatiwarekar/deep-fake-detection-dfd-entire-original-dataset/DFD_manipulated_sequences/DFD_manipulated_sequences/20_13__hugging_happy__HQHYKNGK.mp4,20_13__hugging_happy__HQHYKNGK,1,Fake,DFD,test
/kaggle/input/datasets/sanikatiwarekar/deep-fake-detection-dfd-entire-original-dataset/DFD_original sequences/14__outside_talking_still_laughing.mp4,14__outside_talking_still_laughing,0,Real,DFD,test
/kaggle/input/datasets/sanikatiwarekar/deep-fake-detection-dfd-entire-original-dataset/DFD_manipulated_sequences/DFD_manipulated_sequences/21_09__kitchen_pan__WBPEX4CU.mp4,21_09__kitchen_pan__WBPEX4CU,1,Fake,DFD,test
/kaggle/input/datasets/sanikatiwarekar/deep-fake-detection-dfd-entire-original-dataset/DFD_original sequences/15__walking_down_indoor_hall_disgust.mp4,15__walking_down_indoor_hall_disgust,0,Real,DFD,test
/kaggle/input/datasets/sanikatiwarekar/deep-fake-detection-dfd-entire-original-dataset/DFD_manipulated_sequences/DFD_manipulated_sequences/18_26__walking_outside_cafe_disgusted__UMEX6HWU.mp4,18_26__walking_outside_cafe_disgusted__UMEX6HWU,1,Fake,DFD,test
/kaggle/input/datasets/sanikatiwarekar/deep-fake-detection-dfd-entire-original-dataset/DFD_manipulated_sequences/DFD_manipulated_sequences/27_07__walking_down_street_outside_angry__3RH5PR6S.mp4,27_07__walking_down_street_outside_angry__3RH5PR6S,1,Fake,DFD,test
/kaggle/input/datasets/sanikatiwarekar/deep-fake-detection-dfd-entire-original-dataset/DFD_original sequences/20__kitchen_pan.mp4,20__kitchen_pan,0,Real,DFD,test
/kaggle/input/datasets/sanikatiwarekar/deep-fake-detection-dfd-entire-original-dataset/DFD_original sequences/24__talking_angry_couch.mp4,24__talking_angry_couch,0,Real,DFD,test
/kaggle/input/datasets/sanikatiwarekar/deep-fake-detection-dfd-entire-original-dataset/DFD_manipulated_sequences/DFD_manipulated_sequences/21_11__walk_down_hall_angry__T7DK03O1.mp4,21_11__walk_down_hall_angry__T7DK03O1,1,Fake,DFD,test
/kaggle/input/datasets/sanikatiwarekar/deep-fake-detection-dfd-entire-original-dataset/DFD_original sequences/18__podium_speech_happy.mp4,18__podium_speech_happy,0,Real,DFD,test
/kaggle/input/datasets/sanikatiwarekar/deep-fake-detection-dfd-entire-original-dataset/DFD_original sequences/20__kitchen_still.mp4,20__kitchen_still,0,Real,DFD,test
/kaggle/input/datasets/sanikatiwarekar/deep-fake-detection-dfd-entire-original-dataset/DFD_manipulated_sequences/DFD_manipulated_sequences/02_15__podium_speech_happy__I8G2LWD1.mp4,02_15__podium_speech_happy__I8G2LWD1,1,Fake,DFD,test
/kaggle/input/datasets/sanikatiwarekar/deep-fake-detection-dfd-entire-original-dataset/DFD_manipulated_sequences/DFD_manipulated_sequences/14_21__walking_down_street_outside_angry__N0WM4GSV.mp4,14_21__walking_down_street_outside_angry__N0WM4GSV,1,Fake,DFD,test
/kaggle/input/datasets/sanikatiwarekar/deep-fake-detection-dfd-entire-original-dataset/DFD_original sequences/23__walking_down_indoor_hall_disgust.mp4,23__walking_down_indoor_hall_disgust,0,Real,DFD,test
/kaggle/input/datasets/sanikatiwarekar/deep-fake-detection-dfd-entire-original-dataset/DFD_original sequences/05__talking_against_wall.mp4,05__talking_against_wall,0,Real,DFD,test
